epoch,train_loss,val_mse,val_mae,LR
1,1.7667169230324882,0.8310197494540051,0.646961079905922,0.0
2,1.7604200669697352,0.8315277099187279,0.647146836117266,5.000000000000001e-07
3,1.768357821873256,0.8315060286535516,0.6472714176914431,1.0000000000000002e-06
4,1.744117055620466,0.831406891606336,0.6469453052492494,1.5e-06
5,1.7814300400870187,0.8302662689857387,0.646909776645102,2.0000000000000003e-06
6,1.748639668737139,0.8289390632528119,0.6466016257751769,2.5e-06
7,1.756231699671064,0.8291298770846737,0.6465392765936901,3e-06
8,1.7812403270176478,0.8301573634331367,0.6470290875953607,3.5000000000000004e-06
9,1.792083808353969,0.8301740875282626,0.6470017054636016,4.000000000000001e-06
10,1.7547464200428553,0.8302170192108277,0.6469668981664244,4.5e-06
11,1.8273205246244157,0.8301080785610745,0.6468690875494763,5e-06
12,1.822464108467102,0.8304566598364158,0.646976701768962,5.500000000000001e-06
13,1.7989083869116647,0.8302327061246222,0.6469414711880385,6e-06
14,1.757704496383667,0.83035546355462,0.646876708472281,6.5000000000000004e-06
15,1.793309944016593,0.8305812287030037,0.6469126062016396,7.000000000000001e-06
16,1.7475428410938807,0.8304148963443759,0.646839732110645,7.5e-06
17,1.8267345428466797,0.830518320690152,0.6468637990744205,8.000000000000001e-06
18,1.7565210206168038,0.830473920978468,0.646787285469355,8.500000000000002e-06
19,1.7683656556265694,0.8303062918406143,0.646727796705694,9e-06
20,1.776149034500122,0.8304639131468174,0.6468063895144087,9.5e-06
21,1.7503413643155779,0.8303317596648228,0.6466893063255686,1e-05
22,1.741257871900286,0.8301723087683305,0.6465846154567315,1.05e-05
23,1.744332194328308,0.8301468687797937,0.6466207758096012,1.1000000000000001e-05
24,1.7791788578033447,0.830308633970336,0.6466807317284475,1.1500000000000002e-05
25,1.770652106830052,0.830025816889809,0.6465104055560583,1.2e-05
26,1.7521077735083443,0.8302015459055572,0.6466435302609451,1.25e-05
27,1.7719461747578211,0.8302565867104221,0.6466116478272248,1.3000000000000001e-05
28,1.7876960039138794,0.8303100109283987,0.6467136779689242,1.3500000000000001e-05
29,1.7555408307484217,0.830290250022006,0.646652693037911,1.4000000000000001e-05
30,1.7486028500965662,0.8300785176828839,0.6465906948279366,1.45e-05
31,1.7913122517721993,0.8304982445145215,0.646777790479699,1.5e-05
32,1.8143481527056013,0.8306802798227111,0.6469338871777549,1.55e-05
33,1.800426755632673,0.830183092368048,0.6467907942767938,1.6000000000000003e-05
34,1.7522833858217512,0.8301394357477728,0.6467888294414478,1.65e-05
35,1.7741568769727434,0.8301260011028904,0.6467508101498092,1.7000000000000003e-05
36,1.7393884658813477,0.830568943792386,0.6469434420746174,1.75e-05
37,1.7615914004189628,0.8302779708600596,0.6468933103325007,1.8e-05
38,1.7490148203713554,0.8300770118335589,0.6468489711331464,1.85e-05
39,1.7849207946232386,0.8303520751667174,0.64689248615457,1.9e-05
40,1.814083184514727,0.8301879578619189,0.6469145380577659,1.9500000000000003e-05
41,1.7619728190558297,0.8305020589092252,0.6470723753929862,2e-05
42,1.7872320754187447,0.8302795003091932,0.6469814138640771,2.05e-05
43,1.764771819114685,0.8303164624504317,0.6470888610695329,2.1e-05
44,1.7695118870053972,0.83048710964073,0.6471040926280462,2.15e-05
45,1.7422937154769897,0.8300494490724956,0.6468427737628983,2.2000000000000003e-05
46,1.8038806063788277,0.8301314275460578,0.6468381500157846,2.25e-05
47,1.7483760118484497,0.8299358634963132,0.6467870615737351,2.3000000000000003e-05
48,1.73734678540911,0.8298921158049818,0.6468759221145562,2.35e-05
49,1.7652154309409005,0.8300310512063297,0.6469007004007676,2.4e-05
50,1.789751580783299,0.8298308634094712,0.6470129773978198,2.45e-05
51,1.7955156224114555,0.8299282625425772,0.6470705406591492,2.5e-05
52,1.7717457158224923,0.8295963808548683,0.6471058874237458,2.5500000000000003e-05
53,1.7579586846487862,0.8294726119612793,0.6470296446113557,2.6000000000000002e-05
54,1.7797330107007707,0.8292658010899331,0.6471694489697584,2.6500000000000004e-05
55,1.7640492234911238,0.8291251770920245,0.6473465743075146,2.7000000000000002e-05
56,1.757851583617074,0.8292018928082712,0.6471984709856529,2.7500000000000004e-05
57,1.7486085210527693,0.8289129530902234,0.6468810938008156,2.8000000000000003e-05
58,1.7928657020841325,0.8292481048642304,0.6470440804327333,2.8499999999999998e-05
59,1.7708501304898943,0.8291040679709256,0.6471010890985608,2.9e-05
60,1.7506134169442313,0.8284744453493729,0.646986878732574,2.95e-05
61,1.7544177259717668,0.8287481326321536,0.6473293116526544,3e-05
62,1.7388035910470145,0.828969295212739,0.6479669046557158,3.05e-05
63,1.7568102053233556,0.829232622784672,0.647759351298084,3.1e-05
64,1.7522657258169991,0.8293411265354046,0.6474851941370631,3.15e-05
65,1.7892845698765345,0.8291818332735313,0.6474552577798666,3.2000000000000005e-05
66,1.753312144960676,0.828037602302713,0.6472022121604377,3.2500000000000004e-05
67,1.7736284051622664,0.8287218560606584,0.6476257706327929,3.3e-05
68,1.7951435702187675,0.8285237837748469,0.647702597086603,3.35e-05
69,1.7887685980115617,0.8283019567688812,0.6473843291602724,3.4000000000000007e-05
70,1.7517462968826294,0.8291536190972386,0.6481080599518795,3.45e-05
71,1.7452744245529175,0.8282300085165313,0.6480852446856442,3.5e-05
72,1.7786801542554582,0.829071788878884,0.6482036282844499,3.55e-05
73,1.774578332901001,0.8300490463629413,0.6479393288845017,3.6e-05
74,1.8209995712552751,0.8292637270298321,0.6481015911838326,3.65e-05
75,1.7495421511786324,0.8289579213152451,0.6488763293309673,3.7e-05
76,1.773904459817069,0.8287697645797812,0.6488425764611355,3.7500000000000003e-05
77,1.8042466299874442,0.8285037251477919,0.6488389079011463,3.8e-05
78,1.780720557485308,0.8281449306014408,0.648754374899585,3.85e-05
79,1.747634938785008,0.8287219332138789,0.6485754735249514,3.9000000000000006e-05
80,1.7380545139312744,0.828637932720819,0.6486164933204591,3.9500000000000005e-05
81,1.7552613871438163,0.8277360693637275,0.6486452248771709,4e-05
82,1.7616159575326102,0.8279981189152568,0.6486911319509883,4.05e-05
83,1.731231382914952,0.8292412040381493,0.6499723138213015,4.1e-05
84,1.7025732483182634,0.8278139290655675,0.6491056111533926,4.15e-05
85,1.7604165928704398,0.8305397117987073,0.6492817940116136,4.2e-05
86,1.7391189677374703,0.8309458950632691,0.6494438493587769,4.25e-05
87,1.7468143020357405,0.8308020209481312,0.6512808747977572,4.3e-05
88,1.7264584302902222,0.8295340207811622,0.6514652770457238,4.35e-05
89,1.7194661923817225,0.8300790408119743,0.6511343656732218,4.4000000000000006e-05
90,1.7405166796275549,0.8279000033161669,0.6495743190851972,4.4500000000000004e-05
91,1.7104789359228951,0.8323803452853472,0.6512316613302441,4.5e-05
92,1.7126325539180212,0.8330212274360905,0.6523666311915608,4.55e-05
93,1.7174294335501534,0.8320299171737028,0.6522596865410033,4.600000000000001e-05
94,1.6952566419328963,0.8308746433078342,0.6529374981563271,4.6500000000000005e-05
95,1.7517821448189872,0.835113867545458,0.654411084122527,4.7e-05
96,1.7637752294540405,0.8334005858874498,0.6527005684831103,4.75e-05
97,1.7015047073364258,0.8356662531370433,0.6541647033310933,4.8e-05
98,1.7287442513874598,0.8349187621791725,0.6548547632470753,4.85e-05
99,1.711944511958531,0.8348618485177027,0.6544000542376277,4.9e-05
100,1.723341396876744,0.8383475608206487,0.6570281839884383,4.9500000000000004e-05
101,1.6882892847061157,0.8379947860408579,0.6560715067477182,5e-05
102,1.6644509860447474,0.8364883606384431,0.6572400134498496,5.05e-05
103,1.67851756300245,0.8354839948409187,0.6576548021728205,5.1000000000000006e-05
104,1.7081931488854545,0.8357702012170332,0.6557507366365537,5.1500000000000005e-05
105,1.6820454086576189,0.8375907470306998,0.6584660153369394,5.2000000000000004e-05
106,1.7120452438082014,0.8467664376303435,0.6590465213107065,5.25e-05
107,1.6765262739998954,0.8380123110166675,0.661609681393592,5.300000000000001e-05
108,1.6726442064557756,0.8434207496481188,0.6600890504192142,5.3500000000000006e-05
109,1.6713238954544067,0.8425116668675302,0.6623144291648048,5.4000000000000005e-05
110,1.7066825117383684,0.8388998868075893,0.6585439049923827,5.45e-05
111,1.6672729083469935,0.8465277385766059,0.6653337157584615,5.500000000000001e-05
112,1.6984463589532035,0.8459697819173849,0.6658831677123022,5.550000000000001e-05
113,1.69392158303942,0.8473511694826565,0.6650438535299471,5.6000000000000006e-05
114,1.6685083423342024,0.846576745394513,0.666211782036768,5.65e-05
115,1.704007591520037,0.8556318567054673,0.6661998120928265,5.6999999999999996e-05
116,1.6392072950090681,0.8509759887394052,0.6729382052297821,5.7499999999999995e-05
117,1.6917629071644373,0.8564278818799502,0.6667732783647158,5.8e-05
118,1.6999655961990356,0.850608864065745,0.6721120890891003,5.85e-05
119,1.6687300886426653,0.8543442196823815,0.6714936315975037,5.9e-05
120,1.6423829453332084,0.8619610445921151,0.6731621737670965,5.95e-05
121,1.7055298600878035,0.8611537592833182,0.6791576494680613,6e-05
122,1.6292270592280798,0.8586755382397265,0.6691489745783126,6.05e-05
123,1.6690941538129533,0.8590653961854152,0.6757436164401597,6.1e-05
124,1.644650203841073,0.8574280907829847,0.674808152099184,6.15e-05
125,1.6445169278553553,0.8594415235809292,0.6756724542429728,6.2e-05
126,1.657599994114467,0.872001384978882,0.681657669170749,6.25e-05
127,1.6695629017693656,0.8732030618171102,0.6847917833561555,6.3e-05
128,1.6486740793500627,0.8927169877412436,0.6846679878371414,6.35e-05
129,1.6331446000507899,0.873437021847746,0.6863544434717006,6.400000000000001e-05
130,1.6583197287150793,0.872955815094238,0.678369446722441,6.450000000000001e-05
131,1.6291576964514596,0.8686887606310536,0.679996027222114,6.500000000000001e-05
132,1.6504768814359392,0.8776493507753031,0.6775056292824132,6.55e-05
133,1.6360854080745153,0.8683336576393769,0.6804246100332058,6.6e-05
134,1.6985537494931902,0.8722430143421863,0.6775115782495478,6.65e-05
135,1.6449426242283411,0.8677349994795026,0.6797562592180718,6.7e-05
136,1.6554875884737288,0.8767539958218346,0.6770359809890047,6.750000000000001e-05
137,1.6773336785180228,0.8702618536773654,0.6812937492300707,6.800000000000001e-05
138,1.6876468317849296,0.8620234518654384,0.6733771271775295,6.850000000000001e-05
139,1.650344797543117,0.8742331005756407,0.6829663260592473,6.9e-05
140,1.6162607499531336,0.8720284252159782,0.6788585833141968,6.95e-05
141,1.623885955129351,0.8777169258015843,0.6842356578000318,7e-05
142,1.617425731250218,0.8673414460458381,0.678892430583263,7.05e-05
143,1.624766503061567,0.8782216055903516,0.6855220310231116,7.1e-05
144,1.6487482956477575,0.8960054486081307,0.6916018460861827,7.15e-05
145,1.6619806289672852,0.8914556593611878,0.6917034819900539,7.2e-05
146,1.6845219816480363,0.8889693348089619,0.690138767480915,7.25e-05
147,1.6421626125063216,0.889299194779735,0.688422702860863,7.3e-05
148,1.6055693456104823,0.8879655829090225,0.690564432084906,7.35e-05
149,1.6126723630087716,0.8864198834918124,0.685858859593775,7.4e-05
150,1.7093145847320557,0.8815885893742124,0.6869136448695439,7.450000000000001e-05
151,1.5781558070863997,0.8727725465447688,0.6838185157525583,7.500000000000001e-05
152,1.6659661361149378,0.872225579529748,0.6835294292921108,7.55e-05
153,1.6225609609058924,0.8708051802706304,0.6794175750368175,7.6e-05
154,1.6467567852565221,0.8781739109823143,0.6856732552683786,7.65e-05
155,1.6079538890293665,0.8796368973062793,0.6830275158244967,7.7e-05
156,1.6638565914971488,0.8727156210833946,0.6844111084590633,7.75e-05
157,1.620855723108564,0.8889639843087682,0.6825321159040535,7.800000000000001e-05
158,1.6548964296068465,0.8837508903698664,0.6893558450411859,7.850000000000001e-05
159,1.70086784022195,0.880801772966066,0.690079172820677,7.900000000000001e-05
160,1.6137069293430872,0.8889514047031047,0.692448236580375,7.950000000000001e-05
161,1.587101834160941,0.9010346147157309,0.6927648440483782,8e-05
162,1.6884082044873918,0.8900000416236126,0.6942122426987694,8.05e-05
163,1.6218467950820923,0.887793560878593,0.6867616385024152,8.1e-05
164,1.5913090876170568,0.8824260458280452,0.6942874459093349,8.15e-05
165,1.6791478054864066,0.8903620596617677,0.688925104662978,8.2e-05
166,1.5926954065050398,0.8947056337812507,0.6947970692528783,8.25e-05
167,1.6404661451067244,0.8952388033799725,0.692436592495329,8.3e-05
168,1.5971356970923287,0.8938281187702679,0.6955157039986382,8.35e-05
169,1.6020864248275757,0.8983607439974479,0.6923290908287765,8.4e-05
170,1.6257001161575317,0.8977833740751685,0.6931120565348213,8.450000000000001e-05
171,1.6141459260668074,0.8973104378443248,0.6868887664354268,8.5e-05
172,1.6349625757762365,0.8939209165458222,0.6952251098734958,8.55e-05
173,1.6571780443191528,0.8980639016717006,0.6885784325516392,8.6e-05
174,1.642371688570295,0.8827298785381216,0.6906108813491977,8.65e-05
175,1.600869127682277,0.8864051950314583,0.6897212163700924,8.7e-05
176,1.6367730413164412,0.8833562256272666,0.6948428438046936,8.75e-05
177,1.6094118186405726,0.8868030587583686,0.6851242163111882,8.800000000000001e-05
178,1.6131571531295776,0.8864994178723774,0.6948695730084151,8.850000000000001e-05
179,1.6242722272872925,0.8795160024457902,0.6852339266777755,8.900000000000001e-05
180,1.6286541053227015,0.8860204349469867,0.694673686427953,8.950000000000001e-05
181,1.6224281617573328,0.8854132563485265,0.6922030763226317,9e-05
182,1.6296157155718123,0.9019539658335493,0.6981096394421717,9.05e-05
183,1.604405335017613,0.8992889380845698,0.6977068025094435,9.1e-05
184,1.645126393863133,0.8886535448625331,0.6952191957009509,9.15e-05
185,1.589298129081726,0.8919243082934708,0.6983684201176497,9.200000000000001e-05
186,1.5665291207177299,0.8966249121172086,0.6923865527319535,9.250000000000001e-05
187,1.638262220791408,0.8873040612128589,0.6986575761672762,9.300000000000001e-05
188,1.6203653642109461,0.8948658344255082,0.6892784703456685,9.350000000000001e-05
189,1.6242054530552454,0.9048312911068105,0.7019202627150047,9.4e-05
190,1.654067976134164,0.9075180579102413,0.698315415250118,9.449999999999999e-05
191,1.6218491622379847,0.8951959270661891,0.6976468105857608,9.5e-05
192,1.5910286222185408,0.8862099656148968,0.6907176178373409,9.55e-05
193,1.6252481767109461,0.8839204038616675,0.6923857409590504,9.6e-05
194,1.6130540370941162,0.8919576696485294,0.6944866670217261,9.65e-05
195,1.6025416340146745,0.8878460592579248,0.6906512046477903,9.7e-05
196,1.6303174495697021,0.8760829594695076,0.6873529177888037,9.75e-05
197,1.5903852837426322,0.8908430391914776,0.6957108677593219,9.8e-05
198,1.6120189258030482,0.8892520335878842,0.6873184012533707,9.850000000000001e-05
199,1.56283358165196,0.8955479490725982,0.6949979105828978,9.900000000000001e-05
200,1.546598025730678,0.8953242207692327,0.6971818964744679,9.95e-05
201,1.6034294877733504,0.9100135658136252,0.6916906185815641,0.0001
202,1.6436743225370134,0.9128140340743498,0.7116922227503073,9.999992460720775e-05
203,1.5816587039402552,0.905437038588673,0.6914384267911076,9.999969842906063e-05
204,1.59182642187391,0.8913836681450837,0.6990031968768862,9.999932146624763e-05
205,1.5992636510304041,0.8960808711758914,0.6936180760665684,9.999879371991704e-05
206,1.611595528466361,0.8863493454793065,0.6922733377937906,9.999811519167648e-05
207,1.5964094741003854,0.8973262545570666,0.692061308036568,9.999728588359285e-05
208,1.560576013156346,0.905449144080233,0.7023596814689792,9.999630579819237e-05
209,1.5591311284473963,0.9112118025259088,0.7044618077937149,9.999517493846056e-05
210,1.5585870572498866,0.8995524154245188,0.7047965874168941,9.99938933078422e-05
211,1.5968974828720093,0.8876747025605606,0.6874054527780951,9.999246091024137e-05
212,1.6267251798084803,0.9022732821359923,0.7106569309164339,9.99908777500214e-05
213,1.6135149512972151,0.9060621370058943,0.6960296309790712,9.998914383200485e-05
214,1.6070581674575806,0.9051271534353781,0.7004407755864107,9.998725916147358e-05
215,1.5702927793775285,0.9069728254811519,0.6936520413346776,9.998522374416856e-05
216,1.5527647563389368,0.9038640916796374,0.7037160496064055,9.998303758629009e-05
217,1.5626542057309831,0.9018502900590433,0.6931841058427619,9.998070069449754e-05
218,1.5748427765710014,0.907876954419868,0.7065511651091951,9.997821307590952e-05
219,1.6102656807218279,0.9306016678870241,0.7028376489974772,9.997557473810373e-05
220,1.5926138162612915,0.9201764188580162,0.7176374653510031,9.9972785689117e-05
221,1.5711441210338049,0.9299366467628329,0.6993630104508697,9.996984593744525e-05
222,1.516852787562779,0.9094403415910548,0.7033921740024799,9.996675549204349e-05
223,1.5656829731804984,0.8996135492158631,0.6940051692039123,9.996351436232574e-05
224,1.570294908114842,0.8976355146179954,0.6984370610686188,9.996012255816509e-05
225,1.512819528579712,0.9154136219746023,0.700899037274736,9.99565800898935e-05
226,1.6138461657932825,0.9119877699810217,0.7020620685187129,9.995288696830197e-05
227,1.5907271589551653,0.9183793367001978,0.7008207270586012,9.994904320464039e-05
228,1.519200086593628,0.9218164760586407,0.6986674514769246,9.994504881061753e-05
229,1.5398560081209456,0.9085224745381226,0.7046213195050985,9.9940903798401e-05
230,1.52845413344247,0.9155094368949163,0.7010682466920802,9.993660818061722e-05
231,1.4908746310642786,0.9245029690437795,0.7127316860016298,9.99321619703514e-05
232,1.5526950870241438,0.9248852711174179,0.7048464453407188,9.992756518114748e-05
233,1.593652878488813,0.9061412105850685,0.7125549588350031,9.992281782700807e-05
234,1.5396691049848283,0.9149980075608923,0.6957431320258426,9.99179199223944e-05
235,1.5329738514763969,0.9039498249432587,0.6997981273833245,9.991287148222639e-05
236,1.501232351575579,0.9014624066306732,0.7017995639144641,9.990767252188241e-05
237,1.5491605486188615,0.8970047117034516,0.7032431009705343,9.990232305719945e-05
238,1.4838986907686507,0.9132785224814032,0.7000573534295492,9.989682310447287e-05
239,1.5386559452329363,0.9032654050789681,0.6979349557769196,9.989117268045648e-05
240,1.532588175364903,0.9113652421275669,0.7113763084510409,9.988537180236247e-05
241,1.5330118451799666,0.9081291921996952,0.699347328983185,9.98794204878613e-05
242,1.4999137095042638,0.914482650674108,0.708147969004222,9.987331875508173e-05
243,1.5106074128832137,0.9193704509026372,0.6980012542956053,9.986706662261068e-05
244,1.4950858865465437,0.9113812179877357,0.7126624810757477,9.986066410949324e-05
245,1.5059470960072108,0.9223640996324389,0.6961162374356105,9.985411123523257e-05
246,1.5380194527762276,0.9017044852980257,0.7108960959151104,9.984740801978984e-05
247,1.469102246420724,0.9120021280440556,0.6951686697210061,9.984055448358424e-05
248,1.5591459103993006,0.957468599788841,0.7458820905403624,9.983355064749282e-05
249,1.5446417331695557,0.9254959545900154,0.7026460996382476,9.982639653285048e-05
250,1.5052797624043055,0.9016561686232389,0.7040943581688441,9.981909216144986e-05
251,1.4969540664127894,0.9081762211721056,0.6934365614669761,9.981163755554141e-05
252,1.5135661023003715,0.9316954929948722,0.7019384499982633,9.98040327378331e-05
253,1.544455885887146,0.8909661006959322,0.6929116787292475,9.979627773149053e-05
254,1.4903781754629952,0.9044421886575584,0.6934751828562954,9.978837256013682e-05
255,1.5249663421085902,0.9043865569497936,0.7080024513742091,9.978031724785247e-05
256,1.556086846760341,0.8953859097612022,0.685374049633594,9.977211181917536e-05
257,1.5745501688548498,0.887065068674322,0.6949025386128374,9.976375629910064e-05
258,1.5096341201237269,0.8943236687612889,0.6906754086719926,9.975525071308072e-05
259,1.4957991668156214,0.8925684611356355,0.6880725134703594,9.974659508702503e-05
260,1.4882102864129203,0.905210841382255,0.6964430902461582,9.973778944730012e-05
261,1.464885984148298,0.9098501135393303,0.6980542676348631,9.972883382072954e-05
262,1.4741548470088415,0.9172996263958181,0.7003416703081682,9.971972823459364e-05
263,1.45148994241442,0.9111203817084172,0.7021815280267409,9.971047271662961e-05
264,1.500949808529445,0.9195559898747175,0.7078009492495492,9.97010672950314e-05
265,1.445020352091108,0.9144861268048887,0.7008416997243966,9.969151199844953e-05
266,1.4906031404222762,0.9129504772753982,0.7006089466121769,9.968180685599109e-05
267,1.4494038820266724,0.9074932163886454,0.6992401552934595,9.967195189721962e-05
268,1.4601521151406425,0.9180783371773988,0.7060252521490532,9.966194715215507e-05
269,1.4436651638575964,0.927586784775601,0.7052856096403467,9.965179265127358e-05
270,1.4501650503703527,0.9207675341559911,0.7034501439066649,9.964148842550756e-05
271,1.448470916066851,0.9335211944590308,0.7142490033208322,9.963103450624544e-05
272,1.4511783123016357,0.9307411993348197,0.7112298534850406,9.96204309253317e-05
273,1.441024695123945,0.9451271234555395,0.7174662000272568,9.960967771506667e-05
274,1.4306276185171944,0.9203191290184919,0.7060709068864557,9.959877490820648e-05
275,1.4274054084505354,0.9188225314235466,0.7156919352536052,9.958772253796298e-05
276,1.4324150936944144,0.9133920018584468,0.7001567004545489,9.957652063800363e-05
277,1.3824351004191808,0.9167574449983931,0.7130146353015971,9.956516924245132e-05
278,1.400045939854213,0.9273735005977832,0.7049978251026733,9.95536683858844e-05
279,1.4097525562558855,0.9293024551578248,0.7268851913407517,9.954201810333646e-05
280,1.4527470214026315,0.9221607760866545,0.7081362008689002,9.95302184302963e-05
281,1.4133344377790178,0.920928054607911,0.7081714571675638,9.951826940270773e-05
282,1.3809186901365007,0.9198501859962863,0.7076289520291748,9.95061710569696e-05
283,1.4546885660716466,0.9185451870781194,0.6989493151856968,9.949392342993555e-05
284,1.408265267099653,0.9260817402645505,0.7218633375430746,9.948152655891399e-05
285,1.4294058425085885,0.9214657024215936,0.6995435865042282,9.946898048166793e-05
286,1.4415223428181239,0.9186424064896062,0.7128542240744323,9.945628523641488e-05
287,1.3806260483605521,0.9176471638334718,0.7067759826344955,9.94434408618268e-05
288,1.45912880556924,0.919601460352076,0.7098773708443056,9.943044739702984e-05
289,1.4047582575253077,0.93371244276942,0.7296744309335738,9.941730488160438e-05
290,1.422545007296971,0.9084365854552523,0.709045747476496,9.940401335558477e-05
291,1.4308594465255737,0.9358891556840814,0.7036445270582952,9.939057285945933e-05
292,1.389657633645194,0.9582932793668154,0.7388583206513327,9.937698343417012e-05
293,1.4253891706466675,0.9246102637581644,0.7044703751293564,9.93632451211129e-05
294,1.3640709263937814,0.9240058575320902,0.7094340623577768,9.934935796213697e-05
295,1.3693601744515556,0.9435627865433379,0.7268639693641579,9.933532199954499e-05
296,1.3746873821531023,0.933205433861082,0.7118549222512204,9.932113727609297e-05
297,1.346366047859192,0.9511709884460867,0.7349532019295352,9.930680383499e-05
298,1.363456232207162,0.9281775723993105,0.7114001127913055,9.929232171989825e-05
299,1.3296958378383092,0.9316266541685849,0.7246030375069263,9.927769097493277e-05
300,1.3424335888453893,0.9334013343593799,0.718692284211115,9.926291164466132e-05
301,1.3496753147670202,0.9389075941974371,0.7151671181717545,9.92479837741043e-05
302,1.3388046196528844,0.937349022900011,0.7235891939657599,9.923290740873462e-05
303,1.3060627664838518,0.9640135304692631,0.7246572816669706,9.921768259447748e-05
304,1.33374057497297,0.9635452775901779,0.7143187455962022,9.920230937771032e-05
305,1.3557310104370117,0.9493900576341935,0.7333098002124471,9.918678780526262e-05
306,1.343457647732326,0.9199640426677058,0.6978535863599558,9.917111792441576e-05
307,1.3437893731253487,0.9345366594280721,0.7074457412689804,9.915529978290294e-05
308,1.3147277661732264,0.9516801425165133,0.7267072878144352,9.913933342890895e-05
309,1.3021750279835291,0.9553407342420981,0.7093682905989213,9.91232189110701e-05
310,1.3425320386886597,0.9533952471084542,0.7181730285149269,9.910695627847396e-05
311,1.345041309084211,0.9495708778548024,0.7141090888299895,9.909054558065937e-05
312,1.2663122926439558,0.9553596567501625,0.7211797339901119,9.907398686761613e-05
313,1.2868693215506417,0.9647011205745076,0.7252601109417325,9.905728018978499e-05
314,1.3118859018598283,0.9477719291941739,0.718506503794839,9.904042559805734e-05
315,1.272734420640128,0.9530505806782841,0.7234421904554907,9.902342314377523e-05
316,1.3058403730392456,0.9466850917476,0.7201947039998641,9.900627287873108e-05
317,1.250620654651097,0.9444819782111675,0.719451717882379,9.898897485516753e-05
318,1.24348760502679,0.9454183299654586,0.7275435536881807,9.897152912577741e-05
319,1.2990305253437586,0.945285237029545,0.7216118906593969,9.895393574370342e-05
320,1.319830332483564,0.9408013287662127,0.7263432683309745,9.893619476253804e-05
321,1.2721351725714547,0.9348088559896102,0.7208190699153342,9.891830623632339e-05
322,1.3371754544121879,0.9433816879660123,0.7086817488697891,9.8900270219551e-05
323,1.25384407384055,0.9671777401592933,0.7284864108204782,9.888208676716175e-05
324,1.2360997710909163,0.944342132401819,0.7244754475622773,9.886375593454556e-05
325,1.3270125218800135,0.9631511532226825,0.7119711449547319,9.884527777754132e-05
326,1.2585558210100447,0.9484140675808822,0.7255991914787464,9.882665235243671e-05
327,1.2429879903793335,0.9517816446881359,0.7200652154808701,9.8807879715968e-05
328,1.235654013497489,0.9610362763449518,0.7250369072802656,9.87889599253199e-05
329,1.2453820364815849,0.9424828668662973,0.7350457818607025,9.876989303812539e-05
330,1.2079334259033203,0.9262460424345161,0.7120524269313792,9.875067911246548e-05
331,1.2288065637860979,0.9448782546996694,0.721917046169001,9.873131820686915e-05
332,1.2567617893218994,0.9468601853838859,0.7233323191261064,9.871181038031306e-05
333,1.2187322889055525,0.9454563531903987,0.7260986768891305,9.869215569222144e-05
334,1.2460995061056954,0.9493420435210553,0.7217672911630995,9.867235420246587e-05
335,1.2222280672618322,0.9662624100857846,0.7200759612603814,9.865240597136514e-05
336,1.2426087856292725,0.9590928605483543,0.7303909295940946,9.8632311059685e-05
337,1.1985256246158056,0.945363957821837,0.7307402403455706,9.861206952863805e-05
338,1.2122829130717687,0.9434058257292136,0.718152473081645,9.859168143988349e-05
339,1.200115442276001,0.9486861204256373,0.7191058239596005,9.8571146855527e-05
340,1.1623234919139318,0.9509144651830689,0.7329582117768804,9.855046583812045e-05
341,1.1813009636742728,0.9821102010523696,0.7419369737737443,9.852963845066182e-05
342,1.212649209158761,0.955102024296141,0.7230399898099095,9.850866475659497e-05
343,1.1303599391664778,0.9390266222525543,0.7243985844985077,9.848754481980938e-05
344,1.1119137150900704,0.9766703574294795,0.736697861953557,9.846627870464004e-05
345,1.1227520108222961,0.9491485728953571,0.7316615765703655,9.844486647586725e-05
346,1.1546039240700858,0.9376489210984091,0.7318155541266347,9.842330819871633e-05
347,1.2021496636526925,1.019018696295137,0.7409102129681147,9.840160393885759e-05
348,1.1766413450241089,0.9453223692104299,0.7247533316776856,9.837975376240591e-05
349,1.140337986605508,0.9585463134889017,0.7325403417660803,9.835775773592076e-05
350,1.1700903517859322,0.9743844303493346,0.7210577384103454,9.833561592640581e-05
351,1.1850158146449499,0.9876080992967062,0.7253836638063044,9.831332840130888e-05
352,1.2107242771557398,0.9774816223316404,0.746471565046517,9.829089522852164e-05
353,1.1924969383648463,0.9738698797893438,0.7212701675489441,9.826831647637942e-05
354,1.2159405095236642,0.9966044649354084,0.7374864740650878,9.824559221366101e-05
355,1.1655665465763636,0.9929423116891553,0.7445154589066926,9.822272250958845e-05
356,1.0727128982543945,0.9601379133235729,0.7336652674883487,9.819970743382684e-05
357,1.0643090179988317,0.960990505726438,0.7277873584697384,9.817654705648409e-05
358,1.1249553646360124,0.9979306809891828,0.735156056807326,9.815324144811071e-05
359,1.1639458281653268,0.9922637197673398,0.7411381020992714,9.812979067969963e-05
360,1.124550189290728,0.9777677821132609,0.7462174541075234,9.810619482268596e-05
361,1.1399457880428858,0.9719887665797391,0.7289618555899503,9.808245394894679e-05
362,1.0821838293756758,0.9963733659277217,0.7417941740550207,9.805856813080092e-05
363,1.1126069000789098,0.9820058684165244,0.7534171944564967,9.803453744100869e-05
364,1.0844429901668005,0.9563826733553911,0.732376399039353,9.801036195277176e-05
365,1.1299468874931335,0.9599630717211401,0.7136256963711322,9.798604173973285e-05
366,1.0804154787744795,1.0037157299045392,0.7403510614929434,9.796157687597556e-05
367,1.0990561757768904,1.0150585639990226,0.7531452986412372,9.793696743602409e-05
368,1.1535732746124268,0.9646295602061912,0.731330283365063,9.79122134948431e-05
369,1.025008703981127,0.9479226239565559,0.725847337414838,9.788731512783732e-05
370,1.0649618080684118,0.9653773954792181,0.7283232272209272,9.786227241085157e-05
371,1.051114286695208,0.9920510255847369,0.7358023532987709,9.783708542017026e-05
372,1.0623382840837752,0.9940806532974839,0.7428336403319596,9.781175423251735e-05
373,1.0480658667428153,0.9786184714033564,0.7360605515430753,9.778627892505601e-05
374,1.032806592328208,0.9825173140888773,0.741307355993178,9.776065957538849e-05
375,1.1015724624906267,1.0169344156615585,0.7372380534030193,9.77348962615557e-05
376,1.1220794916152954,1.0097495217101198,0.7492891809886755,9.770898906203723e-05
377,1.1144249779837472,0.9934748268470311,0.7507621960210445,9.768293805575088e-05
378,1.0930044565882002,1.0072649048158386,0.7351375836033096,9.765674332205253e-05
379,1.1550561359950475,0.9939094294246833,0.7335155956869006,9.763040494073586e-05
380,1.0863742913518633,1.0044248460608343,0.7489647229535763,9.760392299203219e-05
381,0.9981880273137774,0.9929802777299438,0.7369996817209853,9.757729755661011e-05
382,1.0542390516826086,1.0237267479764165,0.7471333590481644,9.75505287155753e-05
383,1.0673788104738509,1.0069757139716224,0.7544234772846266,9.75236165504703e-05
384,1.0335616980280196,0.9934398476948376,0.7282202164769248,9.749656114327425e-05
385,1.0402439066341944,1.0285019408105733,0.7537818148273915,9.746936257640259e-05
386,1.0633918813296728,1.0394301286886223,0.7611367317844473,9.744202093270687e-05
387,1.0245010597365243,1.0510636041078654,0.767359855474935,9.74145362954745e-05
388,1.0860172510147095,1.0352278584230725,0.7529668262990215,9.738690874842844e-05
389,1.0220825331551688,1.0148202476857704,0.7360272246800447,9.735913837572697e-05
390,1.0234520179884774,1.0287755339966813,0.7548651280358826,9.73312252619635e-05
391,0.9975746955190387,1.0215758399396402,0.7507415201682265,9.730316949216619e-05
392,0.9512815220015389,0.9889857299539873,0.7358938264594276,9.727497115179779e-05
393,1.0297104801450456,1.0065527621353727,0.7445070607030126,9.724663032675532e-05
394,0.9860551868166242,0.9964797242138042,0.7477031897392842,9.721814710336987e-05
395,1.0030733857836043,1.0032297154464351,0.7342951506154808,9.718952156840624e-05
396,1.008989930152893,1.0226453403011881,0.7446429986261079,9.716075380906284e-05
397,0.9891943250383649,1.0447904482180435,0.7852393191684498,9.713184391297119e-05
398,1.0398258311407906,1.0002700092926191,0.733595591171418,9.710279196819588e-05
399,1.0695360813822066,1.0337225924368951,0.7453985159393927,9.707359806323417e-05
400,1.0037549138069153,1.0114990490433826,0.7441744220060589,9.704426228701574e-05
401,1.0156409570149012,1.0234829447076672,0.7557298879554457,9.701478472890247e-05
402,0.9822578345026288,0.9931222187787088,0.7350387820969623,9.69851654786881e-05
403,0.9391989878245762,1.0086344743231164,0.7386482608730041,9.695540462659801e-05
404,1.0416224343436105,1.0058413123210819,0.7403677302192876,9.692550226328894e-05
405,1.0299245119094849,0.9969936539172921,0.7424516980041215,9.689545847984864e-05
406,0.9723155583654132,1.0086293095957748,0.7446362224554262,9.686527336779569e-05
407,0.9705438017845154,1.0574361445403315,0.747068369713732,9.683494701907919e-05
408,1.0393659387316023,1.0615713335602108,0.7697721728427923,9.680447952607845e-05
409,0.9533242412975856,1.0521271349280867,0.7619946423134097,9.677387098160271e-05
410,0.9910654681069511,1.0225253685562892,0.7417063697569147,9.674312147889096e-05
411,0.9413649780409676,1.0229956437574335,0.7500588548589361,9.671223111161149e-05
412,1.0255385552133833,1.049743698279834,0.7518189945420232,9.668119997386172e-05
413,0.946108511516026,1.0226234336275837,0.7407318253431604,9.665002816016786e-05
414,0.9497438754354205,1.011114413916872,0.7345253240870846,9.661871576548467e-05
415,0.9593050139290946,0.9968564770042457,0.7348609626827841,9.658726288519515e-05
416,0.8804475835391453,1.0416768325843289,0.7616709863692409,9.655566961511023e-05
417,0.9784315994807652,1.0168588451411515,0.7403778073375555,9.652393605146844e-05
418,0.9434817263058254,0.983016523563038,0.7267822111554757,9.649206229093578e-05
419,0.9957604323114667,1.0482708118361657,0.7678003976403107,9.646004843060522e-05
420,0.9835372652326312,1.0616017089343592,0.7527843834402911,9.642789456799655e-05
421,0.9343190022877285,1.075110405780224,0.7573963267164575,9.639560080105599e-05
422,0.9065824321338108,1.0225381590474216,0.7469053622050607,9.636316722815595e-05
423,0.9350511176245553,0.9965174115953143,0.7357818260037222,9.633059394809475e-05
424,0.891478819506509,1.0205711128835073,0.7458877871710821,9.629788106009622e-05
425,0.9195830311094012,1.0135171630751543,0.7541385725287243,9.626502866380951e-05
426,0.9441265719277518,1.0187954663108068,0.7551625297981182,9.623203685930869e-05
427,0.9390832100595746,1.014309109718614,0.7557575378542639,9.619890574709257e-05
428,0.9466845052582877,1.0133311657221762,0.7417584527191031,9.61656354280842e-05
429,0.9329380733626229,1.0206404100906925,0.7441051263116821,9.613222600363077e-05
430,0.8954321231160846,1.0374954593441623,0.76309035631363,9.60986775755032e-05
431,0.8747637697628566,1.0140298549989377,0.7409973903584847,9.606499024589581e-05
432,0.8645472185952323,1.0177187661922689,0.7377688860155673,9.603116411742602e-05
433,0.8959465537752423,1.0232600433052872,0.7452704303987632,9.59971992931341e-05
434,0.9583061252321515,1.0444828204772088,0.7603949138574875,9.596309587648282e-05
435,0.9298369714191982,1.0174300491595945,0.7491591523971388,9.592885397135707e-05
436,0.8615513699395316,1.025057182042134,0.7380844944250069,9.589447368206364e-05
437,0.9055213502475193,1.0063397859653131,0.7386258858339675,9.585995511333086e-05
438,0.9314452580043248,1.0261543610458568,0.7463668390805287,9.582529837030829e-05
439,0.8388566459928241,1.08337546660157,0.7727389698314049,9.579050355856633e-05
440,0.895364020551954,1.0676310152634996,0.7648713179868114,9.575557078409606e-05
441,0.9663874421800885,1.0387567426425326,0.7466434820880544,9.572050015330874e-05
442,0.8974286147526332,1.075049076231493,0.7606867566545535,9.568529177303563e-05
443,0.9491138543401446,1.0643712081949808,0.7569379724442676,9.564994575052751e-05
444,0.962152225630624,1.105759903808077,0.7926761456150122,9.561446219345454e-05
445,0.8930670704160418,1.0475614312409895,0.7571479738281982,9.557884120990577e-05
446,0.8713231342179435,1.0340624324036471,0.7459992048930523,9.55430829083889e-05
447,0.8500516584941319,1.060341158440302,0.7657408368985453,9.55071873978299e-05
448,0.8240683334214347,1.0455609338612073,0.7552633000731128,9.547115478757274e-05
449,0.8961120418139866,1.0459966804244527,0.7569512391674351,9.543498518737898e-05
450,0.8419212188039508,1.0266399942762834,0.7491017879188125,9.539867870742751e-05
451,0.9253219962120056,1.064242790744223,0.7594813909847059,9.536223545831418e-05
452,0.8654781579971313,1.0596248637063324,0.7578683310574235,9.532565555105142e-05
453,0.8500513178961617,1.0714730765069913,0.7656585806733895,9.528893909706797e-05
454,0.8650316681180682,1.084583513270186,0.7649046333524994,9.525208620820854e-05
455,0.8785268323762077,1.0932788775707194,0.7703167565797072,9.52150969967334e-05
456,0.8737198625292096,1.0991785846433024,0.7785984534507393,9.517797157531811e-05
457,0.8716783779008048,1.0478264516453464,0.7506980829051466,9.514071005705314e-05
458,0.8183205638613019,1.0422506392380728,0.7472443707324021,9.510331255544354e-05
459,0.8253868733133588,1.0462872234166765,0.7505196877161511,9.506577918440859e-05
460,0.8483680486679077,1.091035958418675,0.7748711928710109,9.502811005828143e-05
461,0.858897192137582,1.0766247697951745,0.7774337693124762,9.499030529180877e-05
462,0.8598611865724836,1.0569015250661897,0.7489232272285954,9.495236500015047e-05
463,0.9360068610736302,1.0654257332677317,0.7459644686978625,9.491428929887927e-05
464,0.8551112839153835,1.0300471319242137,0.7432816294471921,9.487607830398032e-05
465,0.8619003977094378,1.0386883065257995,0.7496692580239501,9.483773213185094e-05
466,0.8495854224477496,1.0360702989749424,0.7484712010332858,9.479925089930025e-05
467,0.8775909287588937,1.071105383622555,0.7606565416380787,9.476063472354873e-05
468,0.889283401625497,1.0753427422650537,0.7690737192615551,9.472188372222797e-05
469,0.8510324103491647,1.0779718377926466,0.7773564808470287,9.468299801338022e-05
470,0.8372318404061454,1.039845709820551,0.7575730378473169,9.46439777154581e-05
471,0.7940480964524406,1.0525625825604235,0.7538738788909479,9.460482294732421e-05
472,0.8152065447398594,1.0749040345309533,0.7677754710988915,9.456553382825077e-05
473,0.8001763054302761,1.0835314504441311,0.7796603589097845,9.452611047791923e-05
474,0.8334859694753375,1.0630564005307281,0.759988866443106,9.448655301641997e-05
475,0.8363312653132847,1.0667624494209589,0.7529841440201018,9.444686156425186e-05
476,0.8060765607016427,1.082114916712636,0.7702390300049925,9.440703624232198e-05
477,0.8276931132589068,1.0980117544352657,0.7777497474522503,9.436707717194513e-05
478,0.7670025059155056,1.0812917892759188,0.7585582321285399,9.43269844748436e-05
479,0.8867506555148533,1.1437521428045616,0.8215277524351984,9.428675827314666e-05
480,0.8888297080993652,1.057378044232076,0.7586204442495998,9.424639868939033e-05
481,0.7989394579614911,1.0873834720170943,0.7602115548420852,9.420590584651689e-05
482,0.7977287258420672,1.0657335864169948,0.7702648191496717,9.416527986787455e-05
483,0.8152577962194171,1.048499645867351,0.7689123873392936,9.412452087721711e-05
484,0.8557606509753636,1.0700753690689564,0.759198666790605,9.408362899870352e-05
485,0.7733780997140067,1.093654107265822,0.7644230853094519,9.404260435689753e-05
486,0.7904333131653922,1.0856098014745206,0.7790329567881707,9.400144707676729e-05
487,0.785605251789093,1.0729594345080633,0.7704197709544495,9.396015728368503e-05
488,0.8037828632763454,1.0884668136663804,0.7653002206055658,9.391873510342665e-05
489,0.8123738169670105,1.087381527453379,0.7653192042310832,9.387718066217124e-05
490,0.7770626034055438,1.079387081401272,0.7550482247303355,9.383549408650089e-05
491,0.7932267444474357,1.0564816914302901,0.7553672345378285,9.37936755034001e-05
492,0.8071780545370919,1.0736266979166322,0.7565783643096434,9.375172504025554e-05
493,0.7684708322797503,1.1007047745828495,0.7626389691285222,9.370964282485558e-05
494,0.8440564615385873,1.1073471458473236,0.7906847822688391,9.366742898538997e-05
495,0.8117680123874119,1.0424426218655833,0.7648982257019056,9.362508365044939e-05
496,0.8184807641165597,1.0836987827690074,0.7728310562845233,9.358260694902504e-05
497,0.7913141591208321,1.1090242729011335,0.7738582742608041,9.353999901050835e-05
498,0.7561721972056797,1.1182202626643427,0.773053939835766,9.349725996469047e-05
499,0.8131000399589539,1.1120522027734054,0.7736804282212009,9.345438994176196e-05
500,0.798225862639291,1.0695195294335906,0.7703093707473034,9.341138907231234e-05
501,0.7856471623693194,1.0458059485867977,0.7601040737497249,9.336825748732972e-05
502,0.7306733301707676,1.0379015618247638,0.7435897794094323,9.332499531820037e-05
503,0.8369161742074149,1.0482898009077928,0.7476323083193073,9.32816026967084e-05
504,0.7965760145868573,1.0728775697976807,0.7664910188397187,9.32380797550352e-05
505,0.7776022127696446,1.0777400719390862,0.7644237766628189,9.319442662575925e-05
506,0.7548491018159049,1.0434561334966213,0.763649237601249,9.315064344185553e-05
507,0.8365748524665833,1.047400800959191,0.759439075620219,9.310673033669521e-05
508,0.8370501313890729,1.1049861356735877,0.7896773394193486,9.306268744404524e-05
509,0.8156444345201764,1.1307024979380482,0.8026567675938269,9.301851489806789e-05
510,0.8000526257923671,1.0779515952081091,0.7770991551905188,9.297421283332042e-05
511,0.7676056453159877,1.0536456821603906,0.7539311380778204,9.292978138475457e-05
512,0.8286677854401725,1.084765174612178,0.765205265565457,9.288522068771625e-05
513,0.7668302229472569,1.122299410307985,0.791607489097902,9.284053087794509e-05
514,0.7789234093257359,1.0763759334134009,0.7729110965481648,9.279571209157397e-05
515,0.7724759323256356,1.0827405198026872,0.781559207072983,9.275076446512871e-05
516,0.7829850316047668,1.100388731392321,0.775632594705799,9.270568813552756e-05
517,0.7648080331938607,1.1263591268374316,0.785797936017188,9.266048324008086e-05
518,0.7183344789913723,1.0950045772664707,0.7825305627895228,9.261514991649055e-05
519,0.7634586095809937,1.078082555386962,0.7777595180755683,9.256968830284978e-05
520,0.7969335743359157,1.0675613800949533,0.7559095738724341,9.25240985376425e-05
521,0.8005350743021283,1.0755135906588482,0.7555411375940273,9.247838075974309e-05
522,0.7997831446783883,1.0806512487172768,0.7619171825980691,9.24325351084158e-05
523,0.8096551128796169,1.0831816292711538,0.7654660032096781,9.238656172331443e-05
524,0.710598920072828,1.0560423704037283,0.7626477180011529,9.234046074448189e-05
525,0.7477795992578778,1.084796674910536,0.7619775170215378,9.229423231234974e-05
526,0.7267460397311619,1.1130888328374504,0.7863253315294081,9.224787656773784e-05
527,0.741732486656734,1.0954622253597726,0.7727078114277097,9.220139365185381e-05
528,0.7413124186652047,1.1112742937801934,0.7692231771519177,9.215478370629266e-05
529,0.7269557629312787,1.078270261608131,0.7523608428190731,9.210804687303637e-05
530,0.7798844235283988,1.1033038305797238,0.780616167798573,9.206118329445347e-05
531,0.7368000320025853,1.0817719588480954,0.7606914227602981,9.20141931132985e-05
532,0.777005706514631,1.0703722776557048,0.7530403115645462,9.196707647271172e-05
533,0.7798768281936646,1.0865055473376393,0.7581207533998563,9.191983351621861e-05
534,0.7332077622413635,1.0965823824078975,0.7730571112869664,9.187246438772939e-05
535,0.6918131453650338,1.1149024170101447,0.7659261444109644,9.182496923153862e-05
536,0.749879675252097,1.1185806859000482,0.7675514205673704,9.177734819232483e-05
537,0.7382744550704956,1.101603722758457,0.7565844957214521,9.172960141514993e-05
538,0.7572540811129979,1.0768303392560765,0.7601429607881717,9.168172904545888e-05
539,0.7385615961892265,1.076149128965754,0.7518515813392613,9.163373122907925e-05
540,0.7045894094875881,1.0883429782092287,0.7646886718066532,9.158560811222069e-05
541,0.7225623726844788,1.0788117295651887,0.7535743800739259,9.153735984147456e-05
542,0.7437962549073356,1.0799523573293341,0.7665174947993403,9.148898656381347e-05
543,0.7495273223945073,1.0785111533261362,0.7689637895377727,9.14404884265908e-05
544,0.7263347038200924,1.0379379330631024,0.7523031670048105,9.139186557754031e-05
545,0.7604277219091143,1.0564457195733277,0.7610897503142158,9.134311816477561e-05
546,0.7416442462376186,1.1036946724558938,0.7786227080027369,9.129424633678978e-05
547,0.7119039978299823,1.1368599960069568,0.8070697172839617,9.124525024245488e-05
548,0.7598311134747097,1.0842021327993292,0.7692597489886295,9.119613003102151e-05
549,0.7321329457419259,1.051489698046836,0.7605154743873548,9.114688585211836e-05
550,0.7772079110145569,1.0893305515326948,0.7673793059530764,9.109751785575173e-05
551,0.809204774243491,1.0996558786695707,0.7655567638376524,9.10480261923051e-05
552,0.724319338798523,1.07626112215998,0.769836129534318,9.099841101253866e-05
553,0.74371223790305,1.0926956809162114,0.7822883966818539,9.094867246758885e-05
554,0.7411596519606454,1.0796274738925569,0.7716443852938188,9.089881070896793e-05
555,0.749995836189815,1.0702366314020386,0.762195870317216,9.084882588856343e-05
556,0.6744122930935451,1.1215262975220266,0.7656462028763457,9.079871815863782e-05
557,0.7225324937275478,1.0933451785098982,0.7574610848937903,9.074848767182787e-05
558,0.6631685069629124,1.0834930577914181,0.7626892857358062,9.069813458114441e-05
559,0.7369159630366734,1.0840881995798126,0.7730682113661683,9.064765903997167e-05
560,0.7506525601659503,1.101292779547077,0.778724916655809,9.05970612020669e-05
561,0.7270440799849374,1.0669208631361198,0.749412616156766,9.05463412215599e-05
562,0.7379227536065238,1.0851081161383895,0.7578035096447061,9.04954992529525e-05
563,0.713408282824925,1.0675302767574781,0.7588218900977932,9.044453545111821e-05
564,0.6560626455715725,1.1066522107554977,0.7682230354175693,9.039344997130154e-05
565,0.6832864284515381,1.0891288354969493,0.7717206408137981,9.034224296911775e-05
566,0.6584028942244393,1.0911622415995639,0.7642443830203831,9.029091460055225e-05
567,0.746334433555603,1.068757979041033,0.7615015784714552,9.023946502196018e-05
568,0.6897380862917218,1.1051947119921532,0.7702572009499219,9.018789439006583e-05
569,0.6707438315664019,1.1016298126494148,0.7853658885726582,9.01362028619623e-05
570,0.7695742079189846,1.1047505157897477,0.7865279525270445,9.0084390595111e-05
571,0.686947728906359,1.1034079753247852,0.7831117994496712,9.0032457747341e-05
572,0.6591441971915108,1.0727435331719852,0.7586259892969336,8.998040447684883e-05
573,0.6951989701816014,1.0760345724692415,0.7691535350244534,8.992823094219772e-05
574,0.7105499080249241,1.0886534016196965,0.7648248853634104,8.987593730231735e-05
575,0.677823143345969,1.1180868299516977,0.7683178095258122,8.98235237165032e-05
576,0.7293915493147713,1.103759497499351,0.768519660504053,8.977099034441615e-05
577,0.7407663805144173,1.0718711626167132,0.7800458572446786,8.971833734608195e-05
578,0.7493591393743243,1.1242933490589109,0.7882703478771267,8.966556488189076e-05
579,0.7110464998653957,1.097593171891783,0.7732364519811138,8.961267311259668e-05
580,0.7256118484905788,1.077749010215309,0.7652454260858826,8.955966219931719e-05
581,0.6574639933449882,1.1007151004067928,0.7700025402564128,8.950653230353273e-05
582,0.7102815679141453,1.0937662154334742,0.7634013055762429,8.94532835870862e-05
583,0.7441055604389736,1.0769002461249835,0.7553153058820808,8.93999162121824e-05
584,0.6672991599355426,1.1363892893529015,0.778046617916231,8.93464303413876e-05
585,0.7076413801738194,1.10396645390285,0.7804702967765546,8.929282613762908e-05
586,0.670184850692749,1.0812387580855238,0.77436813662805,8.923910376419449e-05
587,0.6738309349332537,1.111907270902744,0.7809849747149994,8.918526338473153e-05
588,0.6856511235237122,1.1213542724659806,0.7818488774774122,8.913130516324733e-05
589,0.6687824130058289,1.0707350475595567,0.7602400585698758,8.907722926410798e-05
590,0.6890544806207929,1.1145115575853992,0.7893088907359143,8.902303585203804e-05
591,0.6876691239220756,1.12504547193306,0.7982931312165492,8.896872509212006e-05
592,0.6896979808807373,1.0975105749822112,0.7789573036684339,8.891429714979402e-05
593,0.7061612435749599,1.0921918159259638,0.7619200163904698,8.88597521908569e-05
594,0.7268513015338353,1.1264862396423607,0.7813944080967902,8.880509038146207e-05
595,0.6809331178665161,1.09101216133989,0.7907247890879473,8.875031188811888e-05
596,0.6215891667774746,1.0746887092722543,0.7763413002859371,8.869541687769215e-05
597,0.6773359520094735,1.1072006225023907,0.7824768263279248,8.864040551740158e-05
598,0.712885354246412,1.0785068787351648,0.7664457752835967,8.858527797482131e-05
599,0.716425495488303,1.083136171198823,0.7828471905291564,8.853003441787942e-05
600,0.6879210897854396,1.09437054117815,0.7828549684814567,8.847467501485734e-05
601,0.6542577062334333,1.1088697074675808,0.7863777194737382,8.84191999343894e-05
602,0.6877925481115069,1.126204718130813,0.7893050194596205,8.836360934546239e-05
603,0.7226702060018267,1.0930118663107147,0.7722030980545995,8.83079034174148e-05
604,0.6927979929106576,1.1291608222882028,0.7946625805344913,8.825208231993657e-05
605,0.7005047968455723,1.1117431245520273,0.7791952508564748,8.819614622306848e-05
606,0.6681188855852399,1.1018900271645455,0.769730967576994,8.814009529720155e-05
607,0.7011047175952366,1.0935070308381953,0.7759538955100952,8.80839297130766e-05
608,0.7054881368364606,1.1040425179013056,0.7723881795534672,8.802764964178378e-05
609,0.6338580506188529,1.1050770832846608,0.788347076906086,8.797125525476195e-05
610,0.6498927261148181,1.091206710900427,0.7788029706022275,8.791474672379816e-05
611,0.6974682807922363,1.1166577768243073,0.7874781280204981,8.785812422102722e-05
612,0.6911536966051374,1.108707495090922,0.7867597211036595,8.780138791893109e-05
613,0.6843535133770534,1.0846039631094526,0.7662633950551277,8.774453799033836e-05
614,0.6821764196668353,1.0911717523224256,0.7680143181052754,8.76875746084238e-05
615,0.6712011098861694,1.09822381202816,0.7669041531555951,8.763049794670775e-05
616,0.7197107417242867,1.1088522060915798,0.7845183159701048,8.757330817905562e-05
617,0.6772167342049735,1.1575705018157862,0.8106639372709418,8.751600547967733e-05
618,0.6653475591114589,1.1221058628316283,0.7941865297340371,8.745859002312688e-05
619,0.6582076379231044,1.1022219548416252,0.782653975870613,8.740106198430168e-05
620,0.6561757496425084,1.1240026569037944,0.7878237435865599,8.734342153844213e-05
621,0.6584199666976929,1.1131881014989833,0.7838140468514201,8.728566886113102e-05
622,0.6590526700019836,1.0989126983075073,0.7757288434995171,8.722780412829302e-05
623,0.6364675973142896,1.0981813196651087,0.7882924678566935,8.716982751619412e-05
624,0.6193290267671857,1.113168093097162,0.7975403765936778,8.711173920144119e-05
625,0.7515894004276821,1.1107745926433539,0.7901522825416073,8.705353936098126e-05
626,0.7082564575331551,1.0886665176671628,0.7629658485644951,8.699522817210114e-05
627,0.645318695477077,1.0607740630419822,0.7603781746342793,8.693680581242686e-05
628,0.7036369400365012,1.0800557874237815,0.7590314630544294,8.687827245992302e-05
629,0.6535901938165937,1.1293092511663985,0.7665040005498132,8.681962829289237e-05
630,0.6427141683442252,1.1076088640938477,0.7684864803834219,8.676087348997526e-05
631,0.65885443346841,1.109516431781197,0.7865449407584896,8.670200823014894e-05
632,0.6103434051786151,1.109002806152166,0.7857798198359169,8.664303269272726e-05
633,0.6591572165489197,1.120947897074772,0.7792532265093312,8.658394705735987e-05
634,0.6822104241166796,1.0847990996395878,0.7711949941079068,8.652475150403192e-05
635,0.6815710578645978,1.1055047753542593,0.7759241718537376,8.646544621306332e-05
636,0.6631273456982204,1.0949634028619606,0.77056772904672,8.640603136510824e-05
637,0.6467624647276742,1.1180233301282614,0.787676895592978,8.634650714115465e-05
638,0.6337348137583051,1.139060549871842,0.8004011444832815,8.628687372252363e-05
639,0.658776445048196,1.1456213474902395,0.8018718385652444,8.622713129086894e-05
640,0.6282198343958173,1.0860090848206863,0.7726045474396074,8.616728002817636e-05
641,0.6350100210734776,1.0979973388855186,0.7756674555563879,8.610732011676324e-05
642,0.644068820135934,1.1043387148630566,0.7737197651688191,8.604725173927785e-05
643,0.681648884500776,1.225930888578469,0.7942613411272677,8.59870750786989e-05
644,0.7472766722951617,1.1588196057975542,0.7755337705073281,8.592679031833492e-05
645,0.7128681881087167,1.1502077778605118,0.8112297789892866,8.586639764182377e-05
646,0.6592886022159031,1.1110303776559491,0.789467741955219,8.580589723313198e-05
647,0.6283298645700727,1.0980856738767562,0.7662673335001075,8.574528927655433e-05
648,0.6743599006107875,1.1016636487237002,0.7841028062427253,8.568457395671313e-05
649,0.6260049683707101,1.1032271729553136,0.7772615439606188,8.562375145855779e-05
650,0.6445642369134086,1.1084262331772687,0.7812940417415964,8.556282196736419e-05
651,0.6589366963931492,1.1455774869434132,0.8010467360060852,8.55017856687341e-05
652,0.6570468119212559,1.1051126227810275,0.7796906541050962,8.544064274859471e-05
653,0.6687885352543422,1.1235843091481512,0.7754478620605122,8.537939339319794e-05
654,0.6501333543232509,1.0858832209902423,0.7810992389369595,8.531803778911995e-05
655,0.6466111711093357,1.09523267607285,0.7751487677684143,8.525657612326055e-05
656,0.6370381116867065,1.1456441515616937,0.8093444547266568,8.519500858284262e-05
657,0.6865322078977313,1.1025702099555093,0.7794398456264969,8.51333353554116e-05
658,0.6327016013009208,1.1172529954633603,0.766196755549464,8.50715566288348e-05
659,0.687413649899619,1.0791350632812018,0.7788624820580121,8.500967259130096e-05
660,0.6662643892424447,1.077321762911334,0.7769633098512879,8.494768343131955e-05
661,0.5936112361294883,1.0948958438714467,0.7861061026203188,8.488558933772037e-05
662,0.662174505846841,1.0971600125331948,0.7990486530682586,8.482339049965275e-05
663,0.6457987172263009,1.1203499160478674,0.7881491026502486,8.476108710658514e-05
664,0.7283470290047782,1.1258243122110263,0.7813323230516227,8.46986793483045e-05
665,0.6540508185114179,1.067776197655206,0.7648810737846086,8.463616741491566e-05
666,0.6101014528955732,1.0893906284762005,0.7693059764752327,8.457355149684082e-05
667,0.6138735413551331,1.1093067910507515,0.7741944983132937,8.451083178481894e-05
668,0.647173353603908,1.11727515084264,0.7740824382529435,8.444800846990514e-05
669,0.6560913664954049,1.1000929465195355,0.7884351302124287,8.438508174347009e-05
670,0.5983719485146659,1.1293310150309048,0.7972148723003978,8.432205179719957e-05
671,0.6995484488351005,1.0930781158144134,0.7772394106683395,8.425891882309368e-05
672,0.663853372846331,1.1063372906738087,0.765412614693976,8.419568301346644e-05
673,0.6610656380653381,1.1121092180955892,0.7794862821831993,8.413234456094507e-05
674,0.6488861015864781,1.1265492704952418,0.7951916522382446,8.40689036584695e-05
675,0.6203940170151847,1.1111743891340753,0.7924292226331041,8.40053604992917e-05
676,0.6289135387965611,1.0926266696297842,0.7843127719243813,8.39417152769752e-05
677,0.6163741094725472,1.1039887557219676,0.7767582142019276,8.387796818539431e-05
678,0.6337171792984009,1.115508985946883,0.7817947740085345,8.381411941873378e-05
679,0.6030570183481488,1.0782086134619842,0.7629970938033834,8.375016917148802e-05
680,0.6312187441757747,1.1113542166499153,0.7738486724668862,8.368611763846056e-05
681,0.6171482801437378,1.1323449677652586,0.7989836228880037,8.362196501476348e-05
682,0.6047205626964569,1.2044662599629932,0.8415609870038085,8.355771149581681e-05
683,0.7346937315804618,1.09469972704157,0.7701763691850076,8.349335727734789e-05
684,0.6619572980063302,1.1000814812484239,0.7766260059562745,8.342890255539086e-05
685,0.6035313946860177,1.093336734014286,0.7806689772112797,8.336434752628596e-05
686,0.5715687956128802,1.0724937298031825,0.7660315226998672,8.329969238667901e-05
687,0.6101867215973991,1.0650090317500185,0.7608958433946204,8.323493733352077e-05
688,0.613374228988375,1.09636870550506,0.7707448450050651,8.317008256406637e-05
689,0.6028708304677691,1.0947264438402637,0.7661978220792752,8.310512827587468e-05
690,0.6456037334033421,1.1149062081076015,0.7894862747638801,8.304007466680775e-05
691,0.6325234132153648,1.1228166454974837,0.7897869965350857,8.297492193503012e-05
692,0.6616782886641366,1.118938220277133,0.7797114258699569,8.290967027900831e-05
693,0.6378589953695025,1.1004736531856008,0.7634356732513446,8.284431989751024e-05
694,0.6069927130426679,1.0710199335566368,0.7621356883848182,8.277887098960443e-05
695,0.5911130223955426,1.107758414265513,0.7864599865911134,8.271332375465962e-05
696,0.5670451777321952,1.1078376932840468,0.779337517159012,8.264767839234409e-05
697,0.6140436104365757,1.097108018524131,0.7754241034070566,8.258193510262499e-05
698,0.5832624520574298,1.1052172818808916,0.7800375510197398,8.251609408576776e-05
699,0.5889281247343335,1.1112553007752648,0.7893970015289702,8.245015554233556e-05
700,0.6257466673851013,1.0947457097557995,0.7787545922048644,8.238411967318864e-05
701,0.5635411271027156,1.1119520191654473,0.7797782317845273,8.23179866794837e-05
702,0.6596134986196246,1.1173951837049922,0.7945629215684319,8.225175676267333e-05
703,0.6155848119940076,1.1234836783540765,0.7917005879222967,8.218543012450531e-05
704,0.6356222374098641,1.0961788904292,0.7765398606036877,8.21190069670221e-05
705,0.6084977984428406,1.100047912638636,0.7823197090894282,8.205248749256015e-05
706,0.6891861387661525,1.1064460748991896,0.7899286843397508,8.198587190374932e-05
707,0.6265952203954969,1.1242357376902794,0.776253335025034,8.191916040351225e-05
708,0.627496566091265,1.1045586166692523,0.7751031859483692,8.185235319506373e-05
709,0.6338474793093545,1.1099260385308123,0.7825141418611689,8.178545048191012e-05
710,0.6821572950908116,1.1256534393097382,0.7710820886903105,8.171845246784868e-05
711,0.6020839810371399,1.12691938266262,0.7798011169425034,8.165135935696696e-05
712,0.592071167060307,1.1467365624963963,0.8032830384374365,8.158417135364224e-05
713,0.606813405241285,1.1344980164256988,0.7984163355301019,8.15168886625408e-05
714,0.5982450587408883,1.117349501131918,0.7784150608509941,8.144951148861742e-05
715,0.6520836097853524,1.121654921924952,0.7680374195948303,8.138204003711462e-05
716,0.6753461020333427,1.1046240746716784,0.7729666837793672,8.131447451356218e-05
717,0.5902024848120553,1.0678352728170935,0.7739765032506074,8.124681512377637e-05
718,0.5640402521405902,1.0917932702250974,0.778753461229422,8.117906207385944e-05
719,0.5688029272215707,1.113695410245915,0.7871675760213297,8.111121557019893e-05
720,0.6335353681019374,1.0917078824868789,0.7779125655573297,8.104327581946707e-05
721,0.606341941016061,1.1208685260774973,0.8057846747270125,8.097524302862009e-05
722,0.5995907698358808,1.0954560355535656,0.7828119865736579,8.09071174048977e-05
723,0.6197887829371861,1.1573476948126407,0.7936513989307091,8.083889915582235e-05
724,0.6326465351240975,1.0932840435083073,0.7835946291438621,8.077058848919866e-05
725,0.6280004211834499,1.1068232192044045,0.7854071973145402,8.070218561311276e-05
726,0.6078174369675773,1.1146281509269302,0.7778484618208428,8.063369073593168e-05
727,0.5706414920943124,1.1616564770655906,0.7943702690694316,8.056510406630269e-05
728,0.6805621257850102,1.1352757614304971,0.7794538620974295,8.049642581315269e-05
729,0.5959724528448922,1.1101606127615948,0.7659033236986195,8.042765618568757e-05
730,0.5978071178708758,1.121551604383438,0.786085539320434,8.035879539339148e-05
731,0.5731605121067592,1.1239330060020423,0.7931833384808326,8.02898436460264e-05
732,0.6254984736442566,1.1391348656690923,0.8013480096497378,8.022080115363127e-05
733,0.5560567804745266,1.1403264563122029,0.7947079644792183,8.01516681265215e-05
734,0.6150161113057818,1.1304516936953122,0.7869584608404679,8.00824447752883e-05
735,0.6424359210899898,1.1263317347211381,0.7905105312667444,8.001313131079799e-05
736,0.5435874291828701,1.1327370652722701,0.7819926366191235,7.99437279441914e-05
737,0.573745595557349,1.14135830953294,0.788554184892971,7.987423488688323e-05
738,0.5667291837079185,1.134971032230256,0.7857366161504298,7.980465235056137e-05
739,0.6235226775918689,1.116629631934632,0.7815056642508401,7.973498054718631e-05
740,0.5899511745997837,1.1215381627796377,0.7929426358638579,7.966521968899043e-05
741,0.6338306495121547,1.09158070735425,0.7710817253137705,7.959536998847742e-05
742,0.6063245790345329,1.103527708045982,0.7713129096438422,7.952543165842157e-05
743,0.5911848630223956,1.1274390080891428,0.7830340450392849,7.945540491186718e-05
744,0.5981468728610447,1.1371390679793973,0.7831587536893544,7.938528996212781e-05
745,0.6043767247881208,1.1040041893916623,0.7810335440287627,7.931508702278582e-05
746,0.5867532576833453,1.1049429032447438,0.7763918362504162,7.924479630769153e-05
747,0.5607056532587323,1.10866640661392,0.7751883283090909,7.91744180309626e-05
748,0.5665795462472099,1.1203587804990476,0.788371442195647,7.910395240698352e-05
749,0.6108038169997079,1.1236455990613061,0.7885083667722783,7.903339965040477e-05
750,0.6058986825602395,1.113204431356281,0.7660920371475168,7.89627599761423e-05
751,0.5764924160071782,1.0954714329158626,0.7623077424867825,7.889203359937678e-05
752,0.6482797009604317,1.1161838678577634,0.7752400633253834,7.882122073555306e-05
753,0.5718301704951695,1.1310041077276924,0.7845016750794324,7.875032160037939e-05
754,0.5786471835204533,1.1180451956534818,0.782639113437311,7.867933640982679e-05
755,0.583213380404881,1.101178173430454,0.7788498231811967,7.860826538012852e-05
756,0.6051848147596631,1.085393282307556,0.7730316728112379,7.853710872777923e-05
757,0.5829473308154515,1.1133880172929196,0.7859370057559079,7.846586666953443e-05
758,0.612338479076113,1.1546734135182006,0.8165000480029225,7.839453942240978e-05
759,0.5808528235980442,1.177514636517311,0.8213586719091165,7.832312720368047e-05
760,0.5621803317751203,1.1573170011436378,0.8045233493725731,7.825163023088048e-05
761,0.6133037039211818,1.124577569420364,0.7989126325458332,7.818004872180197e-05
762,0.591156610420772,1.1409741633460535,0.7981026263001305,7.810838289449468e-05
763,0.5542452207633427,1.127431487011682,0.8029180395619193,7.803663296726509e-05
764,0.5456107897417886,1.1152564583129965,0.7932121620162855,7.796479915867598e-05
765,0.6000201020921979,1.1026533327172265,0.7800873517594129,7.789288168754554e-05
766,0.5046988129615784,1.0776592770866933,0.7685359703922819,7.782088077294688e-05
767,0.6248578897544316,1.0823184820051777,0.7710527281079312,7.774879663420728e-05
768,0.5666503778525761,1.1216011161767367,0.7843238889470355,7.767662949090753e-05
769,0.5840973343167987,1.1111961233475403,0.7772136493593318,7.760437956288125e-05
770,0.5448272057941982,1.1084999450614683,0.7768314277670919,7.753204707021424e-05
771,0.6004908170018878,1.0713150349426581,0.757982800718743,7.745963223324384e-05
772,0.5716637202671596,1.1102598844487441,0.7773997813522434,7.738713527255819e-05
773,0.5876980764525277,1.1754525076322724,0.8139896906763875,7.731455640899563e-05
774,0.5929951752935138,1.1629113611850932,0.8022567254230466,7.724189586364393e-05
775,0.6010506238256182,1.150837814083838,0.7883861070561925,7.716915385783972e-05
776,0.5935776701995304,1.1493297094642736,0.7857735335125442,7.709633061316779e-05
777,0.6808878268514361,1.1411380966933695,0.791952177312511,7.702342635146033e-05
778,0.58326085124697,1.1219750593797095,0.783539137219579,7.695044129479641e-05
779,0.6094543039798737,1.154357148247422,0.782557222404065,7.687737566550114e-05
780,0.6020091261182513,1.1491670426400185,0.8082043473685471,7.680422968614511e-05
781,0.5889625379017421,1.147542652081558,0.8027008481029717,7.673100357954365e-05
782,0.5875790885516575,1.1397898275261527,0.7775678077535416,7.665769756875618e-05
783,0.6603267959186009,1.1206980126194475,0.7748047715122958,7.658431187708556e-05
784,0.5853314825466701,1.090653363162799,0.7660510134187077,7.651084672807726e-05
785,0.5926355975014823,1.0585851338981973,0.7589782500244834,7.643730234551893e-05
786,0.5684814495699746,1.0906210955681002,0.7841325311093295,7.636367895343946e-05
787,0.6099556854793003,1.094796912566152,0.7701503540267769,7.628997677610854e-05
788,0.5677755304745266,1.1026349956659522,0.7796242896279709,7.621619603803573e-05
789,0.6038662535803658,1.134239868406628,0.7955353686248382,7.614233696396995e-05
790,0.5376289103712354,1.1116685080084985,0.7887078511133039,7.606839977889878e-05
791,0.5801220749105725,1.106188997948355,0.7773005027061762,7.599438470804769e-05
792,0.527501791715622,1.1020254144254404,0.7770643999339452,7.592029197687942e-05
793,0.5462826532976968,1.1170860734120795,0.7785801378813418,7.58461218110933e-05
794,0.5787525177001953,1.1390221620601155,0.8000380081772731,7.57718744366245e-05
795,0.5896396807261876,1.1192891923946215,0.792694751038469,7.569755007964338e-05
796,0.6074684602873666,1.1076626117502266,0.7712357512799035,7.562314896655486e-05
797,0.5571814690317426,1.133606102203298,0.800992736315853,7.55486713239976e-05
798,0.6073721178940364,1.1209712427315772,0.7879083352850811,7.547411737884345e-05
799,0.5503604922975812,1.1148225207658478,0.7906404164440597,7.539948735819665e-05
800,0.5807722338608333,1.1045846272890585,0.7837305480055735,7.532478148939315e-05
801,0.5878245489937919,1.134714103534629,0.7794091707163162,7.525e-05
802,0.5729201989514487,1.1702869294874736,0.8081543187999526,7.517514311781461e-05
803,0.6396865333829608,1.1766036911672137,0.8042853168621472,7.5100211070864e-05
804,0.5596092215606144,1.115821845583745,0.7712215372362144,7.502520408740418e-05
805,0.5494788459369114,1.0889690115419441,0.7665494683041167,7.495012239591944e-05
806,0.6018497134957995,1.0810542705151722,0.7673486770322662,7.487496622512163e-05
807,0.6121816890580314,1.107282680247105,0.7741187023844587,7.479973580394947e-05
808,0.590606940644128,1.1407288881148836,0.789397333136537,7.47244313615679e-05
809,0.5886836733136859,1.1251551378230848,0.7793634100823368,7.464905312736727e-05
810,0.5212885652269635,1.111005806624467,0.7763350109369478,7.457360133096279e-05
811,0.5380649566650391,1.1319766280040178,0.7834544789574951,7.44980762021937e-05
812,0.614235350063869,1.1134301338744035,0.7718292652866285,7.442247797112261e-05
813,0.6038876473903656,1.1582222062941379,0.8029121777325395,7.43468068680349e-05
814,0.6005832552909851,1.12866535640932,0.7825873790261417,7.427106312343785e-05
815,0.5536205981458936,1.1258223358783377,0.7806728493952584,7.419524696806005e-05
816,0.5783958860806057,1.127167754914825,0.7714789125128346,7.411935863285062e-05
817,0.5421893085752215,1.1221916959405935,0.7852207763752543,7.404339834897864e-05
818,0.5668644777366093,1.1241985268433659,0.7823217171910899,7.396736634783226e-05
819,0.5958612135478428,1.1359732108096228,0.7777129129920276,7.389126286101818e-05
820,0.5710733107158116,1.1302077775710677,0.7782828783230811,7.381508812036079e-05
821,0.5812768851007734,1.1504365441178879,0.7954013680039789,7.373884235790159e-05
822,0.6427375163350787,1.126396685630241,0.787667633878353,7.366252580589839e-05
823,0.5715969247477395,1.1063228134014853,0.7731013639536893,7.358613869682462e-05
824,0.5508763449532645,1.0904121271296379,0.7731685120654843,7.350968126336868e-05
825,0.6155646358217511,1.105175165904531,0.7662635787100484,7.343315373843316e-05
826,0.5483016201428005,1.1023125357479802,0.7826506383130675,7.33565563551342e-05
827,0.5795316185270037,1.118052530352967,0.7867691410580269,7.327988934680066e-05
828,0.5721928562436785,1.1206915135952358,0.7711634590149592,7.32031529469736e-05
829,0.5981422236987523,1.1231798925410557,0.7735063947609315,7.312634738940537e-05
830,0.5501828832285744,1.1061945136472087,0.7879770536918324,7.304947290805902e-05
831,0.5684797508375985,1.1128191638759246,0.7991099036483993,7.297252973710757e-05
832,0.5779820510319301,1.1464506453692178,0.7830497564605728,7.289551811093324e-05
833,0.5681388037545341,1.1574899599049313,0.8098845787048714,7.281843826412682e-05
834,0.6068664533751351,1.129522943802442,0.7848966100095843,7.274129043148688e-05
835,0.5854691777910505,1.1751287672734037,0.793721411696193,7.26640748480191e-05
836,0.58245849609375,1.1068335153773061,0.7780708255711731,7.258679174893554e-05
837,0.5712858821664538,1.167417350700101,0.8152675313584153,7.250944136965391e-05
838,0.6164600380829403,1.1336265493195097,0.7826488078150935,7.24320239457969e-05
839,0.6127033446516309,1.1533283121714446,0.7766674006256648,7.23545397131914e-05
840,0.5774293286459786,1.1325945030644406,0.7851258052993781,7.227698890786781e-05
841,0.5578145725386483,1.1318891199137657,0.7895683682108688,7.219937176605933e-05
842,0.587951238666262,1.1228201540023608,0.797118661932009,7.212168852420126e-05
843,0.5589002115385873,1.1124971124161784,0.7816209577875287,7.204393941893022e-05
844,0.5643303692340851,1.1165267579484948,0.7843272737041983,7.196612468708346e-05
845,0.5808765377317157,1.113783246312994,0.7884031800048992,7.188824456569814e-05
846,0.5555068509919303,1.1081141178420622,0.7882810198315958,7.181029929201061e-05
847,0.5466502479144505,1.1228947705458896,0.7974653288997997,7.173228910345573e-05
848,0.541363673550742,1.1479668816356499,0.793883227111969,7.165421423766603e-05
849,0.5581929130213601,1.1302520502068594,0.7907436988884226,7.15760749324711e-05
850,0.5861407858984811,1.1812741943427798,0.8263033101587033,7.149787142589681e-05
851,0.5655578970909119,1.1333784965724056,0.7769177661540105,7.141960395616462e-05
852,0.5847546330520085,1.12908030458228,0.7764163688565688,7.13412727616908e-05
853,0.5287699316229139,1.1031343957539514,0.7607435111685962,7.126287808108577e-05
854,0.5307708552905491,1.119422921617682,0.7739896870718831,7.11844201531533e-05
855,0.578626138823373,1.1038572025222837,0.7719900238545659,7.110589921688986e-05
856,0.5912995381014687,1.0868364801920183,0.7656919157055847,7.102731551148384e-05
857,0.5432439020701817,1.1019326405522565,0.7763207067298874,7.094866927631483e-05
858,0.6267923712730408,1.1266877680898841,0.7792552200880337,7.086996075095289e-05
859,0.5599811928612846,1.1203404936730068,0.7739726138206148,7.079119017515786e-05
860,0.5926475780350822,1.1023553706108178,0.7721505219169239,7.071235778887856e-05
861,0.5426311833517892,1.1372487725973133,0.7863205837320184,7.063346383225212e-05
862,0.5505534410476685,1.115989250523417,0.7920814307411039,7.05545085456032e-05
863,0.5592297656195504,1.1345234600449754,0.7815590709202411,7.047549216944332e-05
864,0.5477158938135419,1.1000157642532267,0.7875358107936785,7.039641494447004e-05
865,0.5569457454340798,1.128205195238965,0.8041683976617207,7.031727711156632e-05
866,0.5827615601675851,1.1032251361102954,0.7913448310948974,7.023807891179969e-05
867,0.6012850233486721,1.1134156487354772,0.7755474220889125,7.015882058642164e-05
868,0.5496779595102582,1.1018699419120654,0.7756060906079442,7.007950237686677e-05
869,0.5732996463775635,1.114982161973617,0.7858998015653506,7.000012452475208e-05
870,0.5967678768294198,1.0761090725265356,0.7681744981753408,6.992068727187629e-05
871,0.6315082311630249,1.1130766102545324,0.766847926006506,6.984119086021905e-05
872,0.5613038454736982,1.124526220472735,0.7988553794101937,6.976163553194021e-05
873,0.5686755393232618,1.1325840410877557,0.7894069987709629,6.96820215293791e-05
874,0.5281516909599304,1.1543317481970228,0.7748469758366576,6.960234909505377e-05
875,0.596098678452628,1.1376013749169644,0.7885289691026158,6.952261847166028e-05
876,0.5575536574636187,1.1703691542462178,0.8020371797319114,6.944282990207195e-05
877,0.5448588303157261,1.114611816228646,0.7767762444556905,6.936298362933857e-05
878,0.549211459500449,1.1114630468646667,0.7691786443131082,6.928307989668575e-05
879,0.57189194219453,1.120179361743995,0.7770977978989632,6.920311894751413e-05
880,0.5150392821856907,1.125969544222843,0.7916551247064179,6.91231010253986e-05
881,0.5533749035426548,1.1393579528443243,0.7938495810463991,6.904302637408766e-05
882,0.5525903957230704,1.1472351066374917,0.7940154795316229,6.896289523750255e-05
883,0.5564951726368496,1.119724530802203,0.767792658718463,6.888270785973664e-05
884,0.5576055901391166,1.1353292337557759,0.7859447667647559,6.880246448505455e-05
885,0.5343870733465467,1.127123524637664,0.7857903517043427,6.872216535789157e-05
886,0.5378137699195317,1.145951577191347,0.7843206875422317,6.864181072285272e-05
887,0.5687605781214577,1.147769773008689,0.8040355933696198,6.856140082471216e-05
888,0.5880405136517116,1.1347044596846418,0.778474098495237,6.848093590841244e-05
889,0.5907006348882403,1.125485480077126,0.7766976861390038,6.840041621906356e-05
890,0.5608137675694057,1.1167606744102532,0.7847811691253729,6.831984200194254e-05
891,0.5327580102852413,1.115548022450784,0.7960698277413063,6.823921350249236e-05
892,0.5364840541567121,1.1268238100941865,0.7789358886575082,6.815853096632144e-05
893,0.5546730756759644,1.104162766792675,0.7740061745637998,6.807779463920279e-05
894,0.5315684761319842,1.0926107137386842,0.7692436569447875,6.799700476707323e-05
895,0.5318432067121778,1.093776437478772,0.7771137776924335,6.791616159603274e-05
896,0.6063692314284188,1.1182849551857978,0.7686005004381317,6.783526537234364e-05
897,0.5330007161412921,1.129270597100421,0.7898897867116463,6.775431634242986e-05
898,0.5600281528064183,1.1173831813869544,0.7820726529803947,6.767331475287616e-05
899,0.5365791533674512,1.1079091217354844,0.7810947204812995,6.759226085042747e-05
900,0.5640337254319873,1.0989995026393646,0.7842838319026937,6.751115488198801e-05
901,0.5651532198701587,1.1159940872739316,0.7783011400365051,6.742999709462061e-05
902,0.5953461102076939,1.116660421213116,0.7823070937814902,6.734878773554599e-05
903,0.5528363159724644,1.1446441732106356,0.8045102296943669,6.726752705214194e-05
904,0.5812585140977587,1.122684950093825,0.7836721055000935,6.718621529194258e-05
905,0.5835023862974984,1.1547112488523568,0.7924214688857357,6.710485270263763e-05
906,0.5872408492224557,1.174800005601415,0.8100113810815492,6.702343953207165e-05
907,0.5475662010056632,1.1436927378504773,0.7939711006966925,6.694197602824332e-05
908,0.5367015770503453,1.14879068499509,0.7864316286980375,6.686046243930455e-05
909,0.5123568390096936,1.1306733418873434,0.7883146168821786,6.677889901355988e-05
910,0.5452503561973572,1.1828976772162947,0.8187395115983783,6.669728599946565e-05
911,0.5075554805142539,1.1246092252354094,0.777833317702646,6.661562364562926e-05
912,0.5582327459539685,1.1099301252309999,0.7795956618499046,6.65339122008084e-05
913,0.5525017721312386,1.112688143487304,0.7766274379805573,6.64521519139103e-05
914,0.563299719776426,1.1141595815683607,0.7777218461247023,6.637034303399097e-05
915,0.5727033402238574,1.1100649929935442,0.7807389993561747,6.628848581025446e-05
916,0.5399385562964848,1.1227620343301599,0.7855430133052912,6.620658049205207e-05
917,0.5194936096668243,1.1004926434674747,0.7686761220914572,6.612462732888158e-05
918,0.5475900428635734,1.1215586589108366,0.7762312129275357,6.604262657038655e-05
919,0.5410015838486808,1.1101664894164955,0.7721541686924744,6.596057846635552e-05
920,0.5319804804665702,1.1273531955543694,0.7921230862186354,6.587848326672123e-05
921,0.5534032668386187,1.1407211274085973,0.7773245524239378,6.57963412215599e-05
922,0.5308508830411094,1.1381126121243414,0.7821483484587625,6.571415258109046e-05
923,0.5205141093049731,1.1786243043582025,0.7993160053152412,6.563191759567373e-05
924,0.5069493310792106,1.1489381831936545,0.7821915687851403,6.554963651581177e-05
925,0.5175851838929313,1.1387708725084948,0.7821230491613922,6.5467309592147e-05
926,0.5601610626493182,1.1270219825279038,0.7790000571421879,6.538493707546152e-05
927,0.5539179699761527,1.1047375250028038,0.7755190142731646,6.530251921667629e-05
928,0.5537543296813965,1.1092497267135808,0.7699266266310965,6.522005626685041e-05
929,0.5476820383753095,1.110978830833002,0.7752653066488486,6.513754847718032e-05
930,0.5504065113408225,1.1316260141195211,0.7848624686505957,6.505499609899904e-05
931,0.5627259526933942,1.1209491236596953,0.7726382425201643,6.497239938377547e-05
932,0.5503750698907035,1.1134128261378575,0.780016508159642,6.48897585831135e-05
933,0.5188239770276206,1.084476286632172,0.7587729041566398,6.480707394875134e-05
934,0.542487016745976,1.0885397664234038,0.7605008782083035,6.472434573256076e-05
935,0.5521075555256435,1.1417397841004695,0.7842130842149654,6.464157418654619e-05
936,0.5121891072818211,1.1336695802422954,0.7776292274656439,6.455875956284418e-05
937,0.5660216978618077,1.1178433074601584,0.774013614252177,6.44759021137224e-05
938,0.5120161942073277,1.1271150178143523,0.7835663871318977,6.4393002091579e-05
939,0.5173138167176928,1.1080207461070606,0.7657834318299955,6.431005974894185e-05
940,0.5595299260956901,1.104613342810003,0.7783591677299649,6.422707533846772e-05
941,0.515020591872079,1.1251821953061951,0.7839006817487543,6.414404911294146e-05
942,0.5712989355836596,1.0919141992750527,0.7812568868685879,6.406098132527541e-05
943,0.5329077541828156,1.1237300742735927,0.7788518137342828,6.397787222850843e-05
944,0.5332550534180233,1.1062521728205807,0.7746042315336783,6.389472207580524e-05
945,0.5392606258392334,1.1138250530713496,0.7694902259295667,6.381153112045566e-05
946,0.5279498526028225,1.124319331237922,0.7713794266120383,6.372829961587372e-05
947,0.5368369562285287,1.1408206054427907,0.7841603534682873,6.364502781559704e-05
948,0.5330970585346222,1.1319111751451398,0.7854085606573288,6.356171597328596e-05
949,0.4876602760383061,1.1539541984591988,0.8000954573728609,6.347836434272281e-05
950,0.5528835569109235,1.109146858173553,0.7703073054614902,6.33949731778111e-05
951,0.5558076969214848,1.1169959717633757,0.7764827545130094,6.331154273257477e-05
952,0.5362563644136701,1.0951732786828068,0.7605133573634997,6.322807326115747e-05
953,0.518735694033759,1.1391337032272384,0.78471071976343,6.314456501782164e-05
954,0.4743660943848746,1.116282081789389,0.7773216687088651,6.306101825694789e-05
955,0.503656804561615,1.09356244046571,0.7673707900529151,6.297743323303414e-05
956,0.5309711822441646,1.1055314685531445,0.7757640728701941,6.289381020069486e-05
957,0.5319951772689819,1.108176020139994,0.7667183636624698,6.281014941466032e-05
958,0.5165299943515232,1.1023647675704997,0.768143806019146,6.272645112977578e-05
959,0.5063590024198804,1.1198450889115772,0.7877335451181287,6.264271560100074e-05
960,0.525741206748145,1.0844307293196205,0.7579146484048364,6.255894308340811e-05
961,0.5266921435083661,1.0880116332658842,0.7626037688037636,6.247513383218355e-05
962,0.5292454787663051,1.108639615990184,0.7700507150297863,6.239128810262455e-05
963,0.5148304998874664,1.1185079848743167,0.7910984614982447,6.230740615013976e-05
964,0.5300729104450771,1.1445374651632874,0.7980410655943,6.222348823024813e-05
965,0.5478367294584002,1.1715454739978008,0.7990119508274763,6.21395345985782e-05
966,0.4645302380834307,1.1350276802425983,0.7910188299953904,6.205554551086733e-05
967,0.5501204175608498,1.1116715475428203,0.7865936462249947,6.197152122296078e-05
968,0.5147523156234196,1.14247414358023,0.7862639093968126,6.188746199081118e-05
969,0.5276332029274532,1.1651851234715949,0.7856255403231225,6.180336807047746e-05
970,0.537961700132915,1.1531024759210733,0.7865831328128295,6.171923971812433e-05
971,0.5115957047258105,1.1469256598960258,0.7848685710164862,6.163507719002133e-05
972,0.5368096998759678,1.1625248870888822,0.8028275563829768,6.155088074254211e-05
973,0.5375978137765612,1.159848332951338,0.7934575531285668,6.146665063216365e-05
974,0.5591239035129547,1.1321715085669983,0.7888800888701888,6.138238711546546e-05
975,0.5879089789731162,1.0890578245805866,0.7782149865147538,6.129809044912887e-05
976,0.5466999709606171,1.1004631034660377,0.7610025178576256,6.12137608899361e-05
977,0.546839679990496,1.13279955817054,0.7610702039240319,6.112939869476964e-05
978,0.5484290208135333,1.1383748168899965,0.7745856993301404,6.104500412061136e-05
979,0.5328752568789891,1.1204599637706927,0.7852369047264941,6.096057742454175e-05
980,0.5127743354865483,1.131228825105087,0.7853113672661438,6.087611886373918e-05
981,0.5205768942832947,1.1613799351136553,0.7963648362409016,6.079162869547908e-05
982,0.532207327229636,1.156305091576529,0.7919546903895642,6.070710717713317e-05
983,0.5501695190157209,1.1523152353214956,0.8037363729093145,6.062255456616862e-05
984,0.5642193342958178,1.127868776941897,0.7879575608550602,6.0537971120147364e-05
985,0.5471780385289874,1.1384462099417212,0.778539169823876,6.0453357096725256e-05
986,0.5798734213624682,1.1259610682608194,0.7873173676371907,6.036871275365127e-05
987,0.560505713735308,1.1107476731283554,0.7755454121718809,6.028403834876675e-05
988,0.5383608256067548,1.119564328040014,0.7677993020645811,6.0199334140004623e-05
989,0.5539337609495435,1.1109201713908199,0.7739119692714562,6.0114600385388616e-05
990,0.5587812917573112,1.1157968073970777,0.7816893978375633,6.002983734303242e-05
991,0.5262668132781982,1.1187692468578747,0.7759601745719884,5.994504527113897e-05
992,0.5362091745649066,1.1237933756165877,0.7711040216867785,5.9860224427999615e-05
993,0.5771161828722272,1.1113079425688182,0.7955313103654457,5.977537507199338e-05
994,0.5092607310840062,1.1036653173196243,0.7850757734026056,5.969049746158609e-05
995,0.5282312120710101,1.113120607559224,0.7818098476298673,5.960559185532965e-05
996,0.5458340006215232,1.122966370549782,0.7922056810102759,5.952065851186131e-05
997,0.5313191073281425,1.1570749772399436,0.8002256024506323,5.943569768990273e-05
998,0.5409643650054932,1.1181448128660336,0.7835694430045484,5.9350709648259304e-05
999,0.49864437324660166,1.1100797386380499,0.7771208887988603,5.9265694645819384e-05
1000,0.5179493597575596,1.1190510558029887,0.77247935650627,5.9180652941553363e-05
1001,0.5695105876241412,1.1193570569724005,0.784819145755819,5.909558479451306e-05
1002,0.5118011108466557,1.1126975785697535,0.7822289826509201,5.901049046383077e-05
1003,0.5270560085773468,1.1269335897473913,0.7887221625818439,5.8925370208718616e-05
1004,0.5841223512377057,1.1211364734632425,0.7834663820353124,5.884022428846763e-05
1005,0.5578231428350721,1.137593785460571,0.7977273799641372,5.8755052962447066e-05
1006,0.5347501252378736,1.11520071617023,0.7967560514781458,5.866985649010354e-05
1007,0.5296869320528848,1.1282291103167927,0.7898902683897909,5.858463513096031e-05
1008,0.5217821683202472,1.0812786024290266,0.7735184702988884,5.849938914461638e-05
1009,0.5090913644858769,1.1121649741561914,0.787884456514651,5.841411879074583e-05
1010,0.48372463243348257,1.121612470710285,0.7802945583813954,5.832882432909695e-05
1011,0.5300075326647077,1.0975610023270583,0.7836730292208066,5.8243506019491436e-05
1012,0.532289424112865,1.119391460047215,0.7881861398267759,5.815816412182368e-05
1013,0.5562683343887329,1.0830638290112067,0.7662914204329517,5.807279889605989e-05
1014,0.5379800839083535,1.130595755398672,0.7593321996511557,5.798741060223736e-05
1015,0.5401356816291809,1.125688402728726,0.7834907025457494,5.790199950046363e-05
1016,0.5370905654770988,1.1083458903519787,0.7670169330101073,5.781656585091574e-05
1017,0.5561436797891345,1.1623118455655068,0.7783452026945127,5.773110991383938e-05
1018,0.5450688089643206,1.1406040003483182,0.7860063519780799,5.764563194954817e-05
1019,0.5501272210053035,1.1489531696772326,0.7986473452821023,5.756013221842283e-05
1020,0.5308304727077484,1.1257568391480208,0.7839575960153473,5.747461098091034e-05
1021,0.509836460862841,1.1185148003780128,0.7883745912572855,5.738906849752324e-05
1022,0.5174177246434348,1.1434370266629243,0.8069379274810686,5.730350502883875e-05
1023,0.4979077024119241,1.1232002156069913,0.7925372634645145,5.7217920835498074e-05
1024,0.4835862474782126,1.0922376827590818,0.7727117274831274,5.7132316178205465e-05
1025,0.5016901578222003,1.0978815137480133,0.7770754346598309,5.704669131772757e-05
1026,0.5303168765136174,1.1074657076549403,0.7827416661029775,5.696104651489256e-05
1027,0.5012959965637752,1.0996402410733248,0.7675618341341915,5.687538203058937e-05
1028,0.5246766550200326,1.0930813175217788,0.7790439155710827,5.678969812576685e-05
1029,0.4865445835249765,1.0827027244066685,0.7648343534250798,5.670399506143306e-05
1030,0.5273802535874503,1.071215873387949,0.7618419914899696,5.661827309865439e-05
1031,0.5174297136919839,1.0782222178439513,0.7724035799413804,5.65325324985548e-05
1032,0.5394396696771894,1.1408384844157293,0.8007280538728576,5.6446773522315036e-05
1033,0.5197814064366477,1.1219270616049004,0.7803320324569432,5.6360996431171815e-05
1034,0.5125194404806409,1.14101840754105,0.8072270520642838,5.6275201486416993e-05
1035,0.5063493634973254,1.1305296765397432,0.7961727558859787,5.61893889493969e-05
1036,0.5318149839128766,1.1220046462782018,0.7843641853176414,5.6103559081511394e-05
1037,0.504657677241734,1.1228473077000753,0.7791789040557247,5.601771214421311e-05
1038,0.541758826800755,1.1323397824637251,0.7972854726406032,5.593184839900674e-05
1039,0.501567678792136,1.1270913266321443,0.7740057195110803,5.584596810744813e-05
1040,0.5104061961174011,1.1254976642347148,0.7841463285256285,5.576007153114355e-05
1041,0.544011013848441,1.0948794093278185,0.7695206491084557,5.5674158931748854e-05
1042,0.5398329666682652,1.0983775145558907,0.7729546418257534,5.558823057096872e-05
1043,0.47483545541763306,1.1305590413579856,0.7884226407701366,5.550228671055584e-05
1044,0.5293249275003161,1.1493262856766582,0.7927501915272718,5.541632761231014e-05
1045,0.5152917334011623,1.1440385652096932,0.7919600711459227,5.53303535380779e-05
1046,0.48255964262144907,1.1364327577798312,0.7870709732304827,5.5244364749751095e-05
1047,0.4963036434991019,1.1223942065032282,0.7963734262686667,5.5158361509266474e-05
1048,0.5339353510311672,1.1105487642595855,0.7718803870104594,5.5072344078604805e-05
1049,0.5180580530847821,1.1053878201489964,0.7704548874696314,5.4986312719790125e-05
1050,0.5683243913309914,1.1204155217003777,0.7861063588900352,5.4900267694888865e-05
1051,0.5101294560091836,1.1256707428104211,0.7793380348419927,5.481420926600909e-05
1052,0.5641261424337115,1.128768145678196,0.7821792212442613,5.47281376952997e-05
1053,0.532929220369884,1.1339864814976595,0.7954446760732349,5.464205324494963e-05
1054,0.5461426888193402,1.14250717302516,0.790218124797327,5.455595617718703e-05
1055,0.5463593431881496,1.1188588535157213,0.7774448733249795,5.4469846754278514e-05
1056,0.45884971959250315,1.099717004594312,0.7619054728571453,5.438372523852833e-05
1057,0.5300507715770176,1.1203489605581811,0.7706015938643618,5.4297591892277526e-05
1058,0.5509836546012333,1.1183317421088894,0.7936790793882538,5.4211446977903224e-05
1059,0.529042375939233,1.0836180895773284,0.7649885149388314,5.4125290757817766e-05
1060,0.5042070363249097,1.0922660787749254,0.7649987539275813,5.403912349446796e-05
1061,0.5269266068935394,1.094335483965051,0.7652873925967888,5.39529454503342e-05
1062,0.5522808943475995,1.087799886403803,0.77346998630751,5.386675688792979e-05
1063,0.48767267380441937,1.1089898734570585,0.7792054922657179,5.378055806980002e-05
1064,0.5357550850936345,1.1344302401959212,0.7949322664394695,5.369434925852143e-05
1065,0.5411717806543622,1.109345217590369,0.7693469157893419,5.360813071670102e-05
1066,0.6015031124864306,1.1172048657716724,0.7802256070021747,5.3521902706975425e-05
1067,0.5339209863117763,1.1489232765863517,0.8106135404848209,5.343566549201011e-05
1068,0.5096575660364968,1.1243003745403912,0.7677864601379684,5.334941933449859e-05
1069,0.5152654477528164,1.1156839972864006,0.775856476710482,5.3263164497161614e-05
1070,0.5297839002949851,1.0991777235528504,0.7709640448682361,5.3176901242746394e-05
1071,0.4980436606066568,1.1037684254884774,0.7673485578229766,5.309062983402573e-05
1072,0.5402745008468628,1.0938664317180904,0.7758672951047889,5.300435053379731e-05
1073,0.5388946533203125,1.0965829088651662,0.7685860092479725,5.2918063604882866e-05
1074,0.5457153575760978,1.131436838053863,0.7821492440412423,5.283176931012731e-05
1075,0.5080026771341052,1.117894475778483,0.7822805972476765,5.2745467912398054e-05
1076,0.47770834394863676,1.1539401807780196,0.7908696453181965,5.265915967458414e-05
1077,0.4962963121277945,1.1187546748837554,0.7793110179021435,5.257284485959538e-05
1078,0.5416530413287026,1.1156554947688566,0.7888439696657034,5.248652373036171e-05
1079,0.46682008249419077,1.114342279183999,0.776938144588728,5.240019654983224e-05
1080,0.47214192152023315,1.1317038099808534,0.7865708182511703,5.231386358097454e-05
1081,0.5036903917789459,1.1284686308254064,0.7741357193592604,5.2227525086773805e-05
1082,0.5323043550763812,1.1131866013983296,0.7920584502762086,5.214118133023205e-05
1083,0.5610647797584534,1.143381409175557,0.8028054775517941,5.205483257436735e-05
1084,0.5379638671875,1.145739469373219,0.7796712493137637,5.196847908221298e-05
1085,0.5224574591432299,1.1448664228952243,0.8017779688137691,5.1882121116816665e-05
1086,0.4993703407900674,1.1408006648147788,0.784191459831379,5.179575894123973e-05
1087,0.5385258112634931,1.1016455646139638,0.7680052751427223,5.170939281855634e-05
1088,0.5495857468673161,1.151920227776548,0.7977712583621008,5.162302301185269e-05
1089,0.530065940959113,1.1273972382433082,0.7708711626779818,5.153664978422617e-05
1090,0.5165882621492658,1.1096598230079435,0.7824145467356173,5.1450273398784654e-05
1091,0.5546600137438092,1.0982932611212926,0.7656071231061288,5.136389411864554e-05
1092,0.5484460251671928,1.0852109877040337,0.7636823741530027,5.127751220693513e-05
1093,0.5045372503144401,1.1136198727047277,0.7892541358518071,5.11911279267877e-05
1094,0.5064244483198438,1.1018210037756526,0.7841642813236093,5.110474154134473e-05
1095,0.5105528576033456,1.1186409083757072,0.7820659288503164,5.101835331375417e-05
1096,0.5312993058136531,1.1506529749368508,0.7992183853121316,5.093196350716951e-05
1097,0.4866853654384613,1.1215860988318704,0.7827219620781747,5.0845572384749094e-05
1098,0.5337939177240644,1.1144524406700043,0.774063319382369,5.075918020965526e-05
1099,0.4735502600669861,1.1339735826894568,0.7781250131521891,5.0672787245053575e-05
1100,0.4996562387262072,1.1396352378876684,0.7957942908991678,5.058639375411197e-05
1101,0.49453439882823397,1.1293114852816117,0.7902726969341984,5.05e-05
1102,0.5210470344339099,1.145877671062569,0.7911056836447965,5.0413606245888045e-05
1103,0.5584677457809448,1.1569675866135163,0.8013600649160643,5.032721275494644e-05
1104,0.5010001872267041,1.1179573202533883,0.7958772061035941,5.0240819790344726e-05
1105,0.4906203874519893,1.114770961840435,0.7842372352908792,5.015442761525091e-05
1106,0.49271640181541443,1.1221237297021007,0.786769567064828,5.00680364928305e-05
1107,0.5043082705565861,1.1349258821656834,0.7923346978356597,4.998164668624585e-05
1108,0.547813709293093,1.1050333165319457,0.7899123877642344,4.9895258458655264e-05
1109,0.5492924962724958,1.1171457319128253,0.7798691896826966,4.980887207321231e-05
1110,0.5166909354073661,1.0957850356441337,0.771186437361923,4.972248779306489e-05
1111,0.5011465421744755,1.1040686743558263,0.7618336589421674,4.963610588135447e-05
1112,0.52268214736666,1.1296385689466975,0.7739760415415317,4.954972660121537e-05
1113,0.4701667044843946,1.1156506816181508,0.777913198213737,4.946335021577384e-05
1114,0.47302018318857464,1.124046381297879,0.7771837166328751,4.937697698814732e-05
1115,0.5108457463128226,1.1126481499809082,0.7802219499395282,4.929060718144367e-05
1116,0.5277857823031289,1.1257938811655344,0.7874101336437719,4.9204241058760286e-05
1117,0.48642962319510324,1.1299405811433343,0.7850030018800098,4.911787888318335e-05
1118,0.49028365101133076,1.1114297314989787,0.7724606766526476,4.903152091778701e-05
1119,0.4997587629726955,1.1071981893016127,0.7711050416220959,4.894516742563265e-05
1120,0.5251479702336448,1.1165686451882488,0.7858660456699023,4.8858818669767955e-05
1121,0.5443745340619769,1.1226888440622425,0.773881906140929,4.877247491322622e-05
1122,0.49964483295168194,1.1378139559415108,0.7939760239798384,4.868613641902546e-05
1123,0.4780051495347704,1.1394112920424775,0.790034619342087,4.8599803450167766e-05
1124,0.5248833809580121,1.1033491754939981,0.7686931889889309,4.85134762696383e-05
1125,0.5280542756829943,1.073809835154346,0.7606713656460514,4.842715514040463e-05
1126,0.5072970220020839,1.142860445216301,0.7889292766199619,4.8340840325415875e-05
1127,0.4852028318813869,1.1395120293382526,0.7958168272035631,4.825453208760194e-05
1128,0.4622025915554592,1.1067607523264364,0.7735101997762241,4.816823068987269e-05
1129,0.502820611000061,1.0989527765311644,0.7750947677756205,4.808193639511714e-05
1130,0.46614940251622883,1.1289946657178929,0.7799362276620515,4.79956494662027e-05
1131,0.4761868417263031,1.147544840812524,0.7988901885227407,4.790937016597428e-05
1132,0.5109741134302956,1.1015496894838817,0.7771721248909943,4.7823098757253615e-05
1133,0.4775312542915344,1.0878229606628096,0.7707441751335752,4.773683550283839e-05
1134,0.4729457369872502,1.0804503786439008,0.7679357107736017,4.7650580665501426e-05
1135,0.49574947357177734,1.097249897547758,0.7719918053375528,4.7564334507989905e-05
1136,0.5035550849778312,1.099222332032072,0.768792054335786,4.747809729302458e-05
1137,0.5131581510816302,1.1153012344113713,0.7882762823213021,4.739186928329899e-05
1138,0.5342404884951455,1.106958003157372,0.7653440133785828,4.730565074147859e-05
1139,0.5323178768157959,1.103207007221435,0.7741953845163625,4.7219441930200005e-05
1140,0.5260927336556571,1.0978920713341793,0.7841601265470508,4.7133243112070234e-05
1141,0.528149915593011,1.0978112583280872,0.767192494406702,4.7047054549665795e-05
1142,0.5604135308946881,1.0915164305525,0.7695475731618789,4.6960876505532045e-05
1143,0.4991819645677294,1.0697980673847216,0.7633867732376994,4.687470924218224e-05
1144,0.5210609350885663,1.105966228462854,0.7801564420144302,4.678855302209679e-05
1145,0.5201241629464286,1.106047613915585,0.783529251320273,4.6702408107722476e-05
1146,0.5263557944978986,1.155840955956358,0.8023272967173338,4.661627476147168e-05
1147,0.467408754995891,1.1295519649106514,0.7916426428281669,4.653015324572149e-05
1148,0.510058309350695,1.124854729808309,0.784689974926556,4.644404382281298e-05
1149,0.5017438360622951,1.1138362672162931,0.7822292461821161,4.635794675505039e-05
1150,0.49935960343905855,1.092295642376171,0.7625473576971921,4.627186230470032e-05
1151,0.5202292203903198,1.1177621413646224,0.7755205180045581,4.618579073399092e-05
1152,0.5087213516235352,1.1158340630231152,0.7776910901279998,4.609973230511115e-05
1153,0.4919601253100804,1.1101621080212623,0.7759990718975311,4.601368728020989e-05
1154,0.4567027688026428,1.0838694160414701,0.760520134744428,4.592765592139519e-05
1155,0.5002477977957044,1.1042195633627867,0.7803890135896606,4.584163849073354e-05
1156,0.5410409229142326,1.1264278476646759,0.7805731886138291,4.5755635250248913e-05
1157,0.48693000844546724,1.112976186715187,0.7839591496694128,4.5669646461922106e-05
1158,0.5090012380055019,1.0969577173944538,0.7731407347882122,4.558367238768988e-05
1159,0.5055275559425354,1.1090874846858803,0.7795392722252101,4.5497713289444154e-05
1160,0.5010393006461007,1.1350837788029868,0.7929880794132296,4.541176942903129e-05
1161,0.49044706565993174,1.111695553086581,0.7796791988185189,4.532584106825116e-05
1162,0.5304525068828038,1.118653012354459,0.7814897395235898,4.523992846885647e-05
1163,0.48162143571036203,1.1240812370049198,0.7877327230581294,4.515403189255187e-05
1164,0.4988024192196982,1.0860450548622789,0.764519720776957,4.5068151600993264e-05
1165,0.47713467478752136,1.0826347385016686,0.7640935484745195,4.498228785578689e-05
1166,0.5385953443390983,1.084961068151558,0.7712608169996811,4.489644091848862e-05
1167,0.5028220755713326,1.106900810836624,0.768938241837289,4.481061105060311e-05
1168,0.5038792533533913,1.0987758160895067,0.7747711626618087,4.472479851358301e-05
1169,0.4613670323576246,1.0981571946094968,0.7754843851847986,4.46390035688282e-05
1170,0.4801090828010014,1.0909402745075547,0.7686851680796267,4.4553226477684966e-05
1171,0.5482840878622872,1.1079149584522472,0.783608103726882,4.446746750144521e-05
1172,0.4957297784941537,1.119549699789428,0.773105234322298,4.438172690134562e-05
1173,0.48886543938091825,1.1275680869396645,0.7851353269144593,4.4296004938566934e-05
1174,0.5201993329184396,1.1453928795586488,0.7916656015086236,4.421030187423315e-05
1175,0.5144371475492205,1.1491425454335786,0.7961684758488977,4.412461796941065e-05
1176,0.5302391137395587,1.0971372199590832,0.7845227236882015,4.403895348510746e-05
1177,0.5134018574442182,1.1171489130459986,0.7850208980989624,4.3953308682272435e-05
1178,0.47729226521083284,1.1508094483241593,0.7903528606429925,4.3867683821794544e-05
1179,0.530593067407608,1.0889760010185883,0.762441857475945,4.3782079164501935e-05
1180,0.5111801794597081,1.127103913801849,0.7932508469435511,4.369649497116125e-05
1181,0.508965185710362,1.10326174334672,0.7768811755584766,4.3610931502476774e-05
1182,0.48720014095306396,1.1224122924283344,0.7756763587354594,4.352538901908966e-05
1183,0.4951918465750558,1.134530191436533,0.7951173990712557,4.3439867781577176e-05
1184,0.48657808559281485,1.1458091390337934,0.7833451849157363,4.3354368050451836e-05
1185,0.5500383717673165,1.1418466706591905,0.7906170308491168,4.326889008616063e-05
1186,0.4787833094596863,1.1441124864665535,0.7811571961335554,4.3183434149084274e-05
1187,0.47368814264025005,1.1570852588898861,0.8059742553175947,4.3098000499536386e-05
1188,0.503636781658445,1.1544708938787165,0.7913493740580511,4.301258939776265e-05
1189,0.5043428710528782,1.119319096982845,0.7852761233725077,4.2927201103940125e-05
1190,0.5078782524381366,1.1238479008564033,0.7984734019852042,4.284183587817634e-05
1191,0.5065192367349353,1.1113652262631841,0.778612112596365,4.2756493980508566e-05
1192,0.48915390031678335,1.1311233496938953,0.7762855947531301,4.267117567090306e-05
1193,0.490851742880685,1.1158211962864473,0.7796673144995239,4.258588120925418e-05
1194,0.47059897439820425,1.1423604705637311,0.7874298570325202,4.2500610855383627e-05
1195,0.5054090661661965,1.1187152414189712,0.7828301472314914,4.241536486903971e-05
1196,0.5044643666063037,1.1146838737057512,0.7826659564042122,4.2330143509896454e-05
1197,0.4889035182339804,1.1209002230409268,0.7875693630651374,4.224494703755294e-05
1198,0.5195475433553968,1.1458360089286814,0.7906570412989649,4.215977571153238e-05
1199,0.4961362268243517,1.116308700558109,0.764543755366636,4.20746297912814e-05
1200,0.5235614989485059,1.125128767154917,0.7803209217880837,4.198950953616922e-05
1201,0.4671540600912912,1.1088499822634628,0.7719277920669989,4.190441520548695e-05
1202,0.4890593375478472,1.10362666567414,0.7829077297868613,4.1819347058446645e-05
1203,0.490231101002012,1.0995799465879936,0.7767279798215073,4.173430535418063e-05
1204,0.49745263372148785,1.0906187295360081,0.7675829511218932,4.16492903517407e-05
1205,0.5265565301690783,1.121409750169866,0.7880414990204205,4.156430231009729e-05
1206,0.47743159532546997,1.1117269272167316,0.7793697623641489,4.14793414881387e-05
1207,0.4635888082640512,1.095282337331603,0.7785010077231393,4.1394408144670354e-05
1208,0.45419023292405264,1.1191273890813116,0.7926605264750269,4.130950253841394e-05
1209,0.47064598543303354,1.1071690229638118,0.773241096907543,4.1224624928006624e-05
1210,0.48502366883414133,1.109527561814002,0.7865072058748006,4.1139775572000374e-05
1211,0.4965800259794508,1.1136330807309354,0.774286141513597,4.105495472886103e-05
1212,0.4694216975143978,1.1472740469267886,0.7951471248455448,4.097016265696759e-05
1213,0.5313184346471514,1.1335595034735517,0.7909190745121651,4.08853996146114e-05
1214,0.5184165963104793,1.155676835625943,0.7939971116190602,4.080066585999537e-05
1215,0.5419273461614337,1.1675084181255873,0.7975840307934597,4.071596165123325e-05
1216,0.5396564304828644,1.142056142560236,0.7957669326697788,4.063128724634875e-05
1217,0.4791842656476157,1.1259738799312673,0.786805024566988,4.054664290327476e-05
1218,0.5113379529544285,1.1183264303365867,0.7786977744554372,4.0462028879852645e-05
1219,0.5045915501458305,1.1291258249823104,0.7810599888245344,4.037744543383138e-05
1220,0.49058261939457487,1.1407675258425318,0.7975795867679653,4.029289282286684e-05
1221,0.4590342470577785,1.1199746143430922,0.7782835445638313,4.020837130452092e-05
1222,0.49543802653040203,1.1285513983797484,0.7925952781478235,4.012388113626083e-05
1223,0.48018804618290495,1.111716873093149,0.7812913913015548,4.003942257545826e-05
1224,0.499076315334865,1.0809510059219467,0.7686719449253367,3.995499587938866e-05
1225,0.4918626163687025,1.1119121439606563,0.78927010142488,3.987060130523037e-05
1226,0.48846922176224844,1.0799565323775229,0.7759863812517427,3.978623911006391e-05
1227,0.468864198241915,1.0688053257031744,0.7763606457751863,3.9701909550871155e-05
1228,0.5145455343382699,1.0978808934966338,0.7782533861263847,3.9617612884534536e-05
1229,0.49204184327806744,1.1442104722666961,0.787183138279725,3.9533349367836374e-05
1230,0.5125042838709695,1.137321870281366,0.7914318018356615,3.9449119257457914e-05
1231,0.47656124404498507,1.1282232031031658,0.7835585686363364,3.936492280997869e-05
1232,0.47143490825380596,1.1404631724238583,0.8007039735963696,3.928076028187567e-05
1233,0.4829648605414799,1.1482763150644033,0.7871717994793824,3.919663192952254e-05
1234,0.5324559680053166,1.1255715879120682,0.7830326962194554,3.9112538009188836e-05
1235,0.47673843588147846,1.1233860637970767,0.7809912574076323,3.902847877703922e-05
1236,0.5171459402356829,1.1115580227815292,0.7783580137598373,3.89444544891327e-05
1237,0.49279527153287617,1.0848629141271386,0.761639406799731,3.886046540142179e-05
1238,0.5132511683872768,1.1140963165327635,0.7811488635857532,3.877651176975188e-05
1239,0.5007722846099308,1.102486635166689,0.7707376915400075,3.869259384986026e-05
1240,0.4868352540901729,1.115853698063862,0.777799014775737,3.860871189737545e-05
1241,0.5016802166189466,1.1032363442040056,0.7634294807220829,3.852486616781645e-05
1242,0.46098511133875164,1.1191481048722673,0.7798736016366563,3.844105691659188e-05
1243,0.47902115327971323,1.1002298707936051,0.7702812083090526,3.835728439899927e-05
1244,0.49060867513929096,1.1291346373928872,0.7822604886979495,3.827354887022423e-05
1245,0.5048167833260128,1.0919270920320225,0.7662134512037948,3.8189850585339694e-05
1246,0.44978298033986774,1.1135623424226182,0.7947699188177536,3.810618979930514e-05
1247,0.4977906772068569,1.117451376664615,0.7820084896392631,3.802256676696587e-05
1248,0.5138960906437465,1.1170055914084311,0.787702455093366,3.793898174305212e-05
1249,0.49758123925754,1.1140592832895377,0.7838082621752607,3.785543498217838e-05
1250,0.5253713982445853,1.1528672408956504,0.7959535520895064,3.777192673884255e-05
1251,0.49640544823237825,1.121866422804413,0.782724992535647,3.768845726742522e-05
1252,0.47790432402065824,1.1205894680228923,0.7931383061127413,3.760502682218891e-05
1253,0.4591071307659149,1.0959168224214102,0.7733407156329031,3.7521635657277203e-05
1254,0.5098502082484109,1.0809617296144576,0.7832191047537138,3.743828402671406e-05
1255,0.48621852483068195,1.0887841445592854,0.7746277901938842,3.735497218440296e-05
1256,0.5023755260876247,1.0877040866115715,0.7747878683006739,3.727170038412629e-05
1257,0.5051102127347674,1.071646153872451,0.7511646154186978,3.718846887954435e-05
1258,0.511265367269516,1.1071755425622156,0.7773928838543405,3.710527792419476e-05
1259,0.4831258739743914,1.0842668428693598,0.7615857565682028,3.7022127771491574e-05
1260,0.5110981208937508,1.1054654069402294,0.7793313924035595,3.6939018674724595e-05
1261,0.43463048338890076,1.115330203781539,0.7809280810225984,3.6855950887058545e-05
1262,0.46101044757025583,1.103082936068759,0.7751680554683887,3.67729246615323e-05
1263,0.5054544338158199,1.1185483018191147,0.7789903815232276,3.668994025105816e-05
1264,0.45886128715106417,1.0756516943182242,0.7669522038786928,3.660699790842101e-05
1265,0.47388581718717304,1.0909185699451316,0.7675853229026566,3.6524097886277607e-05
1266,0.5085527556283134,1.1017414542670052,0.7748000467095914,3.644124043715583e-05
1267,0.48064847929137094,1.1118517865425022,0.7751967567689356,3.635842581345381e-05
1268,0.5177806786128453,1.130776079720739,0.7895285556363391,3.6275654267439265e-05
1269,0.49824635897363934,1.096999615828989,0.761438552156999,3.6192926051248646e-05
1270,0.49462969814028057,1.0907840074672908,0.7646595938168538,3.61102414168865e-05
1271,0.49898925849369596,1.1136119601124939,0.7766549853109765,3.602760061622453e-05
1272,0.5180137412888663,1.1345612185284728,0.782791622359338,3.594500390100096e-05
1273,0.4798284428460257,1.0846441148555905,0.7676241524543901,3.5862451522819706e-05
1274,0.4702334063393729,1.0750435097022824,0.7641496585322506,3.5779943733149595e-05
1275,0.45764751945223126,1.1167159939213591,0.7810708423159927,3.569748078332371e-05
1276,0.46678797687803,1.1156957645140375,0.7683519336387868,3.561506292453849e-05
1277,0.45594570892197744,1.1138766392273112,0.775339456037192,3.5532690407853004e-05
1278,0.4777201754706247,1.0985109881143582,0.7732587311081077,3.545036348418823e-05
1279,0.5071261397429875,1.0847514289339208,0.7736525153963102,3.536808240432627e-05
1280,0.5046283347266061,1.1021467458823884,0.7820330043942785,3.528584741890955e-05
1281,0.5081506967544556,1.1042567672507824,0.7759146057620941,3.5203658778440106e-05
1282,0.4813586856637682,1.0879772041707678,0.7731692291365915,3.5121516733278783e-05
1283,0.440406607730048,1.1218258989074474,0.7933331161788577,3.5039421533644485e-05
1284,0.4866319554192679,1.1179107045801902,0.7741207970187519,3.4957373429613455e-05
1285,0.480598475251879,1.1296248362785912,0.7844006119247618,3.487537267111843e-05
1286,0.45949430976595196,1.1121362271688355,0.7686537204269955,3.479341950794795e-05
1287,0.4780561029911041,1.1266117875984434,0.7739813823597526,3.471151418974553e-05
1288,0.48547445450510296,1.0997934383231023,0.769634895176717,3.462965696600902e-05
1289,0.4667956829071045,1.1003846622407092,0.7620717501495531,3.4547848086089704e-05
1290,0.5012347017015729,1.1048623513493545,0.780645862711574,3.4466087799191615e-05
1291,0.4783657704080854,1.0994150674329641,0.7727658842028553,3.438437635437075e-05
1292,0.4251840370041983,1.119284339305778,0.7804669177680631,3.4302714000534353e-05
1293,0.4789330916745322,1.1014317076869453,0.775969393625421,3.422110098644013e-05
1294,0.4745391309261322,1.1269622541354172,0.7858058927834226,3.413953756069547e-05
1295,0.4847014290945871,1.1177685962148334,0.7811675510034167,3.40580239717567e-05
1296,0.4775315523147583,1.1254283140792412,0.7862195438745948,3.397656046792834e-05
1297,0.4797722101211548,1.1121251712636344,0.7831226429565951,3.3895147297362384e-05
1298,0.4902576335838863,1.0813138112255116,0.7572979962985971,3.381378470805744e-05
1299,0.4709648745400565,1.1225833075335974,0.7748554042965025,3.373247294785808e-05
1300,0.482657504933221,1.1049803709664971,0.7650771558198957,3.365121226445403e-05
1301,0.4924738492284502,1.113977682110351,0.7776873189996116,3.35700029053794e-05
1302,0.4859159929411752,1.1192774336387108,0.7717209966262968,3.3488845118012005e-05
1303,0.4879954159259796,1.1127115433026442,0.7757891283028755,3.3407739149572536e-05
1304,0.4602890738419124,1.1313944630847315,0.7733189956398356,3.332668524712384e-05
1305,0.492851265839168,1.1411820098859227,0.7790717569914244,3.3245683657570155e-05
1306,0.49988446491105215,1.0932505078777393,0.7637198666848111,3.316473462765636e-05
1307,0.5005317798682621,1.093437131230768,0.767390470780471,3.308383840396726e-05
1308,0.47766047716140747,1.1105897450246405,0.7720148369353669,3.300299523292678e-05
1309,0.4799840876034328,1.1290319745947806,0.7866399787004901,3.292220536079722e-05
1310,0.4984290897846222,1.1156634678734203,0.7805668699163599,3.284146903367855e-05
1311,0.4544233466897692,1.1147399952608248,0.7931554967579293,3.2760786497507636e-05
1312,0.4807062361921583,1.112421191226821,0.7783176795690253,3.268015799805747e-05
1313,0.469605381999697,1.0939378780206652,0.7664343838375273,3.259958378093644e-05
1314,0.4743736812046596,1.1085846006004973,0.7803753925668028,3.251906409158758e-05
1315,0.4512816497257778,1.130878639647885,0.7889656436224375,3.2438599175287826e-05
1316,0.47830877133778166,1.1548694432103226,0.7924087089533297,3.235818927714729e-05
1317,0.4718330204486847,1.1533249833881867,0.7993662804715792,3.227783464210844e-05
1318,0.42745393940380644,1.13260014825968,0.7841257888255523,3.2197535514945454e-05
1319,0.5037953172411237,1.1315628047552675,0.7839324594961441,3.211729214026339e-05
1320,0.5142455271312169,1.111652820187019,0.7723251423467916,3.2037104762497456e-05
1321,0.46499463064329966,1.129445226002015,0.7880202800694431,3.195697362591235e-05
1322,0.4655495839459555,1.1180448921841484,0.7780952634755298,3.187689897460141e-05
1323,0.45177616817610605,1.0921104967342337,0.7730193485676059,3.1796881052485883e-05
1324,0.47614671928542,1.1048530672451675,0.775994087799494,3.171692010331424e-05
1325,0.4685943467276437,1.1239841322642978,0.7820250506536603,3.1637016370661434e-05
1326,0.48076071058000835,1.0968651628784651,0.7638841355729955,3.1557170097928055e-05
1327,0.49843678729874746,1.0990956597569033,0.7641578624913522,3.147738152833972e-05
1328,0.5300341929708209,1.1110374515472932,0.7670310868440284,3.1397650904946246e-05
1329,0.45688107184001375,1.1379448168801427,0.7868314300297454,3.1317978470620905e-05
1330,0.5050352088042668,1.1305387001383507,0.7894811584464024,3.123836446805979e-05
1331,0.49294342739241465,1.1402172013008967,0.783683807676976,3.115880913978096e-05
1332,0.46684467792510986,1.141523918466666,0.7863386430316994,3.107931272812372e-05
1333,0.4665526066507612,1.1678966876226207,0.7940855010713945,3.099987547524792e-05
1334,0.5302961681570325,1.1847892236592277,0.8094526147673566,3.092049762313324e-05
1335,0.47218302743775503,1.1631914176931384,0.7975593063632218,3.0841179413578366e-05
1336,0.501977162701743,1.1130862026690393,0.7704339813673988,3.076192108820031e-05
1337,0.47282001801899504,1.1280948213546824,0.7856886410677443,3.0682722888433706e-05
1338,0.47993868589401245,1.099204553509601,0.7700657435694335,3.060358505552998e-05
1339,0.523454168013164,1.1135864372220654,0.7847152872340771,3.052450783055669e-05
1340,0.455649733543396,1.1035445773706993,0.7708632833675293,3.0445491454396812e-05
1341,0.4862818888255528,1.1030552419959403,0.7764717098025893,3.0366536167747902e-05
1342,0.49853997571127756,1.102210702573914,0.777662636625443,3.0287642211121464e-05
1343,0.43283929569380625,1.132763393581807,0.7782930810044332,3.020880982484215e-05
1344,0.4832072215420859,1.1275182311337713,0.7752545336387889,3.013003924904712e-05
1345,0.5109380739075797,1.134084607686407,0.7748957157951908,3.005133072368519e-05
1346,0.5213303395680019,1.119434832864664,0.7818067143014344,2.997268448851618e-05
1347,0.49799117020198275,1.1064835864923819,0.7640767012368026,2.989410078311015e-05
1348,0.48426058888435364,1.0992810326226383,0.765625719452736,2.981557984684669e-05
1349,0.4646100699901581,1.1162900204019248,0.77756621627927,2.9737121918914234e-05
1350,0.49616043482507977,1.1255625370829123,0.7776486561593465,2.96587272383092e-05
1351,0.4613617403166635,1.130168648483302,0.7845483570136318,2.958039604383539e-05
1352,0.5258775097983224,1.1108300455371842,0.7719148148953292,2.950212857410318e-05
1353,0.46345136421067373,1.1277299513704275,0.7842434822812376,2.9423925067528905e-05
1354,0.5009117424488068,1.131926462677558,0.7910681717490425,2.9345785762333978e-05
1355,0.4702914570059095,1.1446759827269986,0.7899628371960821,2.926771089654429e-05
1356,0.449735198702131,1.1299661119003657,0.7776067078021393,2.918970070798938e-05
1357,0.46137300559452604,1.1340582757461302,0.78269776864363,2.911175543430187e-05
1358,0.465498685836792,1.1278759219352283,0.7761842272214411,2.9033875312916558e-05
1359,0.49750507303646635,1.1154061791294316,0.7795032108099996,2.8956060581069795e-05
1360,0.4706695164952959,1.1208618031576656,0.7745332070020415,2.8878311475798753e-05
1361,0.4534874601023538,1.0877250716823945,0.7708366243581103,2.8800628233940664e-05
1362,0.5195916082177844,1.0921828153220414,0.7697324764519355,2.87230110921322e-05
1363,0.4801707736083439,1.1405463133392746,0.7934775258281136,2.8645460286808618e-05
1364,0.4783453345298767,1.114061438133599,0.768288838945398,2.8567976054203115e-05
1365,0.4976548169340406,1.0890958223903482,0.7717909304231904,2.8490558630346103e-05
1366,0.45638699190957205,1.0763958250264258,0.7745107151742086,2.8413208251064468e-05
1367,0.47451456104006084,1.0961171805604768,0.7759282921382681,2.833592515198091e-05
1368,0.48311514939580646,1.1001911628716543,0.7728525133515182,2.825870956851313e-05
1369,0.4954093226364681,1.1105126045118392,0.7798198303804688,2.818156173587319e-05
1370,0.43997645378112793,1.120337054757309,0.780961568848426,2.8104481889066757e-05
1371,0.47043594292231966,1.1307588845371261,0.790689588460627,2.8027470262892437e-05
1372,0.45915027601378305,1.110406041088959,0.7873338693495049,2.795052709194099e-05
1373,0.46674873147692,1.113269714478074,0.7971623469930791,2.7873652610594656e-05
1374,0.4889239626271384,1.140908060887316,0.7995213920289074,2.7796847053026434e-05
1375,0.49309682846069336,1.129645179918719,0.786261895243918,2.7720110653199347e-05
1376,0.46203653301511494,1.086894536628835,0.7703432885132337,2.7643443644865835e-05
1377,0.4845307171344757,1.103872987768614,0.7719904737637374,2.7566846261566858e-05
1378,0.5157922676631382,1.1048096532793346,0.7711405962465451,2.7490318736631346e-05
1379,0.4787433530603136,1.1384321305379657,0.7786905979956943,2.7413861303175394e-05
1380,0.5242649912834167,1.1214585346049617,0.7825719272027482,2.7337474194101628e-05
1381,0.48539317505700247,1.1105589436436907,0.786024824576973,2.7261157642098423e-05
1382,0.4781103091580527,1.1246952047842127,0.7779403379936155,2.7184911879639204e-05
1383,0.45971523438181194,1.1318552100144383,0.7850246174893084,2.7108737138981835e-05
1384,0.45975251708711895,1.0955138375360358,0.7681264147755851,2.7032633652167756e-05
1385,0.5192298974309649,1.1171540965321622,0.7810013644795035,2.6956601651021373e-05
1386,0.4574202299118042,1.102221661356826,0.779412917942334,2.6880641367149382e-05
1387,0.4586050169808524,1.0968216530005894,0.7727791881411055,2.680475303193997e-05
1388,0.4889524281024933,1.1349463982659511,0.793743355887442,2.6728936876562138e-05
1389,0.4947894981929234,1.1444710480404352,0.7708846902092904,2.665319313196509e-05
1390,0.5088901477200645,1.1413385038474233,0.7837068786078043,2.6577522028877384e-05
1391,0.4834273414952414,1.1375324901013064,0.7845314943452708,2.650192379780632e-05
1392,0.47517137442316326,1.128243016050162,0.7838991722686894,2.6426398669037226e-05
1393,0.4804432349545615,1.1053071199983995,0.7649771201645837,2.6350946872632727e-05
1394,0.43344984310013907,1.1083773540403774,0.7769064321946543,2.627556863843211e-05
1395,0.4885585137775966,1.113870438528885,0.783664970793858,2.620026419605053e-05
1396,0.47403331313814434,1.1101193333681927,0.7719600257747932,2.6125033774878386e-05
1397,0.46071941937719074,1.134386346972437,0.7903072543154538,2.6049877604080577e-05
1398,0.44971899901117596,1.1347435300754476,0.7913466143932543,2.5974795912595825e-05
1399,0.4665766443525042,1.1034491548728433,0.7805868725695099,2.5899788929136016e-05
1400,0.4990813306399754,1.140638900834483,0.7865509066690765,2.5824856882185408e-05
1401,0.4518146216869354,1.1221191552725358,0.7800614842512666,2.5750000000000013e-05
1402,0.4870686871664865,1.1171533110821226,0.7849407631335249,2.5675218510606857e-05
1403,0.5023447871208191,1.133312736008331,0.7710336010681923,2.5600512641803365e-05
1404,0.4781648814678192,1.1222352938639089,0.7883975623427698,2.5525882621156555e-05
1405,0.4958138295582363,1.1319956857571392,0.7829842291715293,2.5451328676002404e-05
1406,0.46117502450942993,1.0991641999548434,0.7624941277237939,2.537685103344516e-05
1407,0.48994692308562143,1.091886447412959,0.7597697842764164,2.5302449920356623e-05
1408,0.48618902478899273,1.1062900523287376,0.7763322809231925,2.5228125563375523e-05
1409,0.4789192421095712,1.1080310313877428,0.777245549946751,2.515387818890672e-05
1410,0.4628768392971584,1.108153499871366,0.7726151945840213,2.5079708023120596e-05
1411,0.457224577665329,1.110913424266056,0.7880471227337829,2.5005615291952315e-05
1412,0.4718349277973175,1.1002839803137159,0.7764323120400797,2.493160022110123e-05
1413,0.5233329321656909,1.0992130294716245,0.7700744715653104,2.4857663036030064e-05
1414,0.45855012110301424,1.1185936412872792,0.784456871750509,2.4783803961964303e-05
1415,0.48939564398356844,1.1103006437386722,0.7752874066593466,2.4710023223891488e-05
1416,0.4898187816143036,1.0760224321830918,0.759913773970104,2.4636321046560538e-05
1417,0.47737700172833036,1.0597191615825403,0.7661551021898642,2.456269765448109e-05
1418,0.5120761266776493,1.0852633157411575,0.7739582536396494,2.4489153271922757e-05
1419,0.4670728657926832,1.0991439655394706,0.7772234744437465,2.441568812291446e-05
1420,0.5169014292103904,1.1236671838093166,0.7774576692622217,2.4342302431243824e-05
1421,0.475914933851787,1.0853612159163535,0.773184995321538,2.4268996420456364e-05
1422,0.4533684807164328,1.08326195485043,0.760584840276034,2.4195770313854893e-05
1423,0.44972561086927143,1.1056163377006973,0.7658738551017317,2.4122624334498865e-05
1424,0.4937369057110378,1.113328839865195,0.7771246974448928,2.40495587052036e-05
1425,0.4825268132346017,1.1237838506733282,0.7783578757917256,2.3976573648539656e-05
1426,0.46188099469457355,1.1137230519755685,0.7802764146670144,2.3903669386832213e-05
1427,0.512162276676723,1.1114251428490163,0.7732241673730577,2.3830846142160275e-05
1428,0.47525439517838614,1.0814395963899268,0.7619223082949579,2.375810413635608e-05
1429,0.4734099379607609,1.0906850065728169,0.7676079496729848,2.3685443591004384e-05
1430,0.4729387675012861,1.1121979424836683,0.7797716837453286,2.36128647274418e-05
1431,0.48160773515701294,1.109577878421286,0.7686750821870709,2.354036776675616e-05
1432,0.5208430247647422,1.10427282177698,0.7694345037558691,2.3467952929785767e-05
1433,0.46095429147992817,1.1123758986557117,0.7695101922753188,2.339562043711877e-05
1434,0.46273153594561983,1.1044368328826397,0.7676308584307695,2.3323370509092472e-05
1435,0.4605905158179147,1.144126779478833,0.7810579380616803,2.325120336579272e-05
1436,0.48924379689352854,1.127878086763824,0.7701258867739403,2.3179119227053123e-05
1437,0.4764601673398699,1.1241714751089271,0.7758253682294588,2.3107118312454476e-05
1438,0.501152868781771,1.1264975506070316,0.7775822689900976,2.3035200841324046e-05
1439,0.4841891740049635,1.1237279070245039,0.781908958656781,2.2963367032734914e-05
1440,0.4810887319701059,1.0885669104391453,0.7621337162879926,2.2891617105505342e-05
1441,0.47727865406445097,1.1075006837815173,0.7615839635878733,2.2819951278198042e-05
1442,0.4845930167606899,1.1099719679941917,0.7745833674875148,2.274836976911955e-05
1443,0.4871876452650343,1.100921423851323,0.7712485087918164,2.267687279631955e-05
1444,0.44573430504117695,1.124628321716422,0.7777084583768754,2.2605460577590218e-05
1445,0.49245226808956694,1.1056718468709945,0.7731190713741731,2.2534133330465576e-05
1446,0.4824958230767931,1.089890064569036,0.7635924906512476,2.2462891272220787e-05
1447,0.4697056838444301,1.1185240279031716,0.7681892961630117,2.2391734619871505e-05
1448,0.45409486974988666,1.1258410372138372,0.7638967678243858,2.2320663590173215e-05
1449,0.47755483218601774,1.1279505103405238,0.7810399407871372,2.224967839962064e-05
1450,0.47325984069279264,1.109622290235436,0.7729873006326639,2.2178779264446957e-05
1451,0.47310506446020945,1.1119606246238565,0.7861951589185266,2.2107966400623232e-05
1452,0.46185532212257385,1.1115750848380166,0.7853102042191666,2.203724002385773e-05
1453,0.4724842054503305,1.0910860635353665,0.7749450805435283,2.1966600349595238e-05
1454,0.4594039576394217,1.1220122820265273,0.78237714618255,2.1896047593016495e-05
1455,0.4635404220649174,1.0981358670388874,0.7830901166716866,2.182558196903741e-05
1456,0.4598623982497624,1.129390278991261,0.7861649091074622,2.1755203692308484e-05
1457,0.46194750922066824,1.1035333804717697,0.7787008127795124,2.1684912977214182e-05
1458,0.44986701011657715,1.1052920699768751,0.7737155991974797,2.1614710037872194e-05
1459,0.4811241924762726,1.1040019380304351,0.7714274625096151,2.1544595088132833e-05
1460,0.47235705171312603,1.1028234634347909,0.7722127860785875,2.1474568341578428e-05
1461,0.4753433678831373,1.1010366099786264,0.7778187832461709,2.1404630011522586e-05
1462,0.462039658001491,1.0888130255814517,0.7679286656256142,2.133478031100956e-05
1463,0.4676711601870401,1.0987824636714878,0.7586672000088416,2.126501945281369e-05
1464,0.4946459787232535,1.1077267330352891,0.7710449546940557,2.1195347649438635e-05
1465,0.491954505443573,1.0975475392413812,0.7784513488848794,2.1125765113116786e-05
1466,0.4784194699355534,1.1152909309769903,0.7854105400156339,2.1056272055808616e-05
1467,0.48623219983918325,1.0942074120396958,0.7733166864893336,2.0986868689202015e-05
1468,0.4742154223578317,1.0923874486572027,0.7821378350465972,2.0917555224711706e-05
1469,0.4822202963488443,1.0755329809272214,0.7591170934470901,2.0848331873478508e-05
1470,0.5024246488298688,1.1009990233501452,0.7734174507130953,2.077919884636875e-05
1471,0.4762149155139923,1.0853248670675768,0.7574012397125073,2.071015635397361e-05
1472,0.492783112185342,1.099014320898666,0.7798360383054221,2.064120460660852e-05
1473,0.431413254567555,1.1005529854549847,0.7648449648672192,2.0572343814312448e-05
1474,0.4696540449346815,1.120927056628417,0.7758361681675052,2.0503574186847313e-05
1475,0.4657672090189798,1.1088625621716879,0.7726532846750856,2.0434895933697323e-05
1476,0.44386845401355196,1.0998688161117391,0.7687332781048075,2.036630926406833e-05
1477,0.4357459715434483,1.1177985098799064,0.7716628518414789,2.0297814386887254e-05
1478,0.4694776364735195,1.1123137927337905,0.7808871404982426,2.0229411510801365e-05
1479,0.4491482675075531,1.0779835547950498,0.772065385909997,2.0161100844177676e-05
1480,0.472343989780971,1.0960766778428266,0.7752544232037871,2.009288259510231e-05
1481,0.48204312154224943,1.110231782522823,0.7846569829992704,2.0024756971379916e-05
1482,0.46651402541569303,1.1074914296309335,0.77231102512283,1.995672418053295e-05
1483,0.42871285336358206,1.1117607312194822,0.7717775992543918,1.988878442980108e-05
1484,0.46402254700660706,1.10372196049098,0.785950644629903,1.982093792614058e-05
1485,0.45097677196775166,1.104598655862457,0.7792391280441917,1.9753184876223643e-05
1486,0.4517871950353895,1.1171602869434925,0.7886892178541755,1.968552548643784e-05
1487,0.4449681426797594,1.1042905881969851,0.7772443872023355,1.9617959962885396e-05
1488,0.4660783793245043,1.1224564047064525,0.7851660644549013,1.9550488511382612e-05
1489,0.49007428543908255,1.1294149008531,0.7857329609031531,1.9483111337459224e-05
1490,0.46629384585789274,1.1102337694451692,0.7800780879268563,1.9415828646357782e-05
1491,0.47141153046063017,1.1134463312096992,0.7657714407067386,1.9348640643033057e-05
1492,0.47365687574659077,1.1133147525948366,0.7796066360634607,1.928154753215135e-05
1493,0.4852138246808733,1.097881189401926,0.7636544806920574,1.9214549518089882e-05
1494,0.46304198248045786,1.1270089996075627,0.784350984855475,1.9147646804936276e-05
1495,0.47063968437058584,1.1054763276003738,0.7774156567619449,1.9080839596487763e-05
1496,0.48459755522864206,1.1098289794769993,0.7693098426079784,1.901412809625068e-05
1497,0.474260824067252,1.1012530477565075,0.7759192770113867,1.8947512507439858e-05
1498,0.4414962913308825,1.1221526715391583,0.7860654313758303,1.888099303297792e-05
1499,0.45461644870894297,1.117608527184893,0.776196872785544,1.8814569875494697e-05
1500,0.4729980400630406,1.1054450642077864,0.777725477167047,1.8748243237326684e-05
1501,0.4740014842578343,1.1128008274297736,0.7700924319273323,1.8682013320516302e-05
1502,0.48125581230436054,1.0957851215716419,0.7741043881928639,1.861588032681137e-05
1503,0.45377047998564585,1.099457897757377,0.7719537990560651,1.854984445766444e-05
1504,0.46259828550474985,1.118897182630488,0.7815222636905668,1.8483905914232247e-05
1505,0.4682144820690155,1.1106336340122618,0.7769963011734502,1.8418064897375023e-05
1506,0.46563388620104107,1.1234886252370309,0.7819782625203222,1.8352321607655915e-05
1507,0.472486423594611,1.1188420274573199,0.7834413904431388,1.8286676245340386e-05
1508,0.46782606840133667,1.115156726127018,0.7679451207434345,1.822112901039558e-05
1509,0.48009265320641653,1.099951538886957,0.7758837390278281,1.815568010248978e-05
1510,0.4910107340131487,1.0734792986557267,0.7698957251022409,1.8090329720991685e-05
1511,0.46240681409835815,1.112267451786569,0.787718993113078,1.8025078064969898e-05
1512,0.4668773540428707,1.1069783728178018,0.7823486315625402,1.7959925333192254e-05
1513,0.4665107045854841,1.1055191240378819,0.7749181374287213,1.7894871724125313e-05
1514,0.46470472642353605,1.113071843395759,0.780598995307084,1.7829917435933634e-05
1515,0.49101499148777555,1.0979682242857598,0.7820853182110048,1.776506266647924e-05
1516,0.4978799181325095,1.1203476649892017,0.7853494694596741,1.7700307613321005e-05
1517,0.4579435629504068,1.1261991564425886,0.7841103887402007,1.763565247371404e-05
1518,0.48900746021951946,1.123373396448535,0.776284648642855,1.7571097444609146e-05
1519,0.4439197267804827,1.135180943450815,0.7824026227810463,1.750664272265211e-05
1520,0.4297863713332585,1.1116742845154934,0.7737488259126046,1.74422885041832e-05
1521,0.4770928919315338,1.1238369832218755,0.7738760370500696,1.7378034985236535e-05
1522,0.45458347882543293,1.1206228442034718,0.7768220444226842,1.7313882361539447e-05
1523,0.4774079407964434,1.117210392967869,0.7706169642986718,1.7249830828511993e-05
1524,0.4502537761415754,1.0905929149761504,0.772164837621327,1.7185880581266232e-05
1525,0.4415083484990256,1.0849257943043187,0.7673164454424035,1.712203181460571e-05
1526,0.4854921443121774,1.1070798695433148,0.7734104920977394,1.705828472302482e-05
1527,0.48749448571886334,1.108319275819122,0.7690700773269911,1.6994639500708302e-05
1528,0.51922293645995,1.1134811372966296,0.7683451556527351,1.6931096341530515e-05
1529,0.4670963329928262,1.1058522026594728,0.781382461147534,1.6867655439054945e-05
1530,0.4805033802986145,1.1196018405408914,0.7752409062621364,1.680431698653357e-05
1531,0.4658376787390028,1.1125747945143307,0.7783868938743186,1.6741081176906334e-05
1532,0.4641824960708618,1.1213949893972779,0.7833513919679572,1.667794820280045e-05
1533,0.45778160435812815,1.121692719741464,0.7759464809343348,1.661491825652991e-05
1534,0.4624695139271872,1.1044112346543606,0.7733246668553768,1.6551991530094878e-05
1535,0.453494702066694,1.1307737608882642,0.7818712261935853,1.648916821518107e-05
1536,0.49188805903707233,1.1457716691941087,0.7876877748021764,1.642644850315917e-05
1537,0.4437996191637857,1.1417908377479293,0.7904768797550649,1.6363832585084347e-05
1538,0.4683813750743866,1.1068984081945725,0.7750565956903493,1.6301320651695515e-05
1539,0.477317784513746,1.1409173222993794,0.7910217291411072,1.623891289341487e-05
1540,0.4395608603954315,1.1433041343253836,0.7982593686647446,1.6176609500347253e-05
1541,0.4583875281470163,1.1160168671404538,0.7787422274179715,1.6114410662279632e-05
1542,0.45547682898385183,1.1060437629109217,0.7773201059779501,1.6052316568680444e-05
1543,0.4546625188418797,1.0946927542058165,0.7711941460276058,1.599032740869906e-05
1544,0.4584697442395346,1.09632540953827,0.7684926378155325,1.592844337116522e-05
1545,0.4400371866566794,1.1213466509380525,0.7856775252553367,1.5866664644588407e-05
1546,0.46808961033821106,1.1344544166870136,0.7929258927073481,1.580499141715738e-05
1547,0.5004801409585136,1.1282644809837596,0.7754735177755044,1.5743423876739462e-05
1548,0.45868327787944246,1.1124148301707208,0.7708070256597136,1.5681962210880066e-05
1549,0.46232177530016216,1.1099955647771653,0.7698130785725584,1.562060660680206e-05
1550,0.4932386577129364,1.1161088380150226,0.7761241542112367,1.5559357251405292e-05
1551,0.4401977402823312,1.1221288045686326,0.7768330615999943,1.54982143312659e-05
1552,0.42840047819273813,1.0874005912577331,0.7769791643842358,1.5437178032635832e-05
1553,0.4738784304686955,1.0903416223989135,0.7679696046371617,1.5376248541442225e-05
1554,0.4298557553972517,1.0920248064343665,0.7744161347054208,1.5315426043286874e-05
1555,0.4696372321673802,1.090803719661258,0.7728204130734109,1.525471072344568e-05
1556,0.42619634526116507,1.1032872901395188,0.7777001557826764,1.5194102766868019e-05
1557,0.4623678411756243,1.081146912168916,0.7587365419951505,1.5133602358176246e-05
1558,0.43532823239053997,1.090642082454293,0.7689985078818251,1.5073209681665077e-05
1559,0.4624675512313843,1.1159836295331096,0.7740626837003454,1.5012924921301105e-05
1560,0.5071413516998291,1.1283033129559865,0.7939755680194339,1.495274826072216e-05
1561,0.47978030358042034,1.1297032221351382,0.7808695843585831,1.4892679883236778e-05
1562,0.49498275773865835,1.148343916413548,0.7919302234392892,1.483271997182366e-05
1563,0.4752199479511806,1.1335101199663922,0.7929399645470625,1.4772868709131075e-05
1564,0.45134951387132916,1.1410144352091658,0.787912761762,1.471312627747638e-05
1565,0.45293240887778147,1.140001846391156,0.7925503764863644,1.4653492858845372e-05
1566,0.5009861162730626,1.1342203976568561,0.7910101201532125,1.4593968634891774e-05
1567,0.48385296549115864,1.1316666753794753,0.7783342254553401,1.4534553786936698e-05
1568,0.4501626661845616,1.1005148402977003,0.7733647511302671,1.4475248495968087e-05
1569,0.4330059715679714,1.1105883151182891,0.7683613085114684,1.441605294264014e-05
1570,0.4601296101297651,1.1052415261457933,0.7549774752272372,1.4356967307272758e-05
1571,0.4543872560773577,1.0795694153378088,0.7567788313709036,1.4297991769851064e-05
1572,0.43481518966811045,1.1010678999966388,0.7680602496865863,1.4239126510024758e-05
1573,0.4715999279703413,1.1123871469901214,0.7734570118588951,1.4180371707107617e-05
1574,0.46514007449150085,1.1264985357477595,0.782400584120658,1.4121727540076985e-05
1575,0.4614225711141314,1.1076898728573263,0.7783471832630643,1.4063194187573152e-05
1576,0.4462726754801614,1.0844183233843432,0.7668915066838073,1.4004771827898865e-05
1577,0.44350261773381916,1.099366773450301,0.7727594060553973,1.3946460639018748e-05
1578,0.4455376480306898,1.097037763104205,0.7733707787634303,1.3888260798558816e-05
1579,0.4856219121388027,1.1030353488701072,0.7733958414575913,1.3830172483805877e-05
1580,0.45370958958353313,1.0985875740316577,0.7671873647765118,1.3772195871706995e-05
1581,0.4276578426361084,1.097016077300604,0.7711463352358956,1.3714331138868981e-05
1582,0.48358537895338877,1.1004273406791745,0.7743983930954708,1.3656578461557872e-05
1583,0.4643738440104893,1.0768216406086795,0.7562053545093566,1.3598938015698324e-05
1584,0.43925010732242037,1.0823980702417162,0.7644280079874745,1.3541409976873135e-05
1585,0.5058773628302983,1.101080147389612,0.7724047317935766,1.348399452032268e-05
1586,0.4760071890694754,1.0753054630392074,0.7618861424959785,1.3426691820944394e-05
1587,0.45813846588134766,1.0859586671578116,0.7617137595095022,1.3369502053292252e-05
1588,0.4814997102533068,1.082001481509593,0.7611732291909935,1.3312425391576204e-05
1589,0.44887876510620117,1.0975212284804197,0.7655907297108848,1.325546200966165e-05
1590,0.483753502368927,1.077512531964072,0.7671008814625636,1.3198612081068934e-05
1591,0.4944477209023067,1.0726141750570617,0.7643896973289682,1.3141875778972786e-05
1592,0.4734041094779968,1.0775246344300156,0.7655112948731022,1.3085253276201845e-05
1593,0.4804495871067047,1.0888431837163366,0.7631914237041636,1.3028744745238066e-05
1594,0.43514434354645865,1.0678408390437424,0.763700187772625,1.2972350358216227e-05
1595,0.46333626764161245,1.0646276340331478,0.7585600193601981,1.2916070286923401e-05
1596,0.45840718916484285,1.0899328001916528,0.7625943210137247,1.285990470279847e-05
1597,0.450561455317906,1.1003097234690244,0.7758259703271395,1.2803853776931541e-05
1598,0.45703876444271635,1.0989131373244594,0.7780977248145411,1.2747917680063441e-05
1599,0.4680823768888201,1.0793202412972354,0.7683658387670328,1.2692096582585227e-05
1600,0.46668953129223417,1.0988045198105467,0.7729723383540177,1.263639065453763e-05
1601,0.47331500904900686,1.1143909438046817,0.773076970525895,1.2580800065610596e-05
1602,0.48859495350292753,1.1102772460412635,0.7721749746468014,1.252532498514268e-05
1603,0.4503518428121294,1.0935728833810112,0.7649955479843529,1.2469965582120606e-05
1604,0.48927020175116404,1.1091590677463203,0.7762297479240332,1.2414722025178702e-05
1605,0.444591475384576,1.0868742913212428,0.7645156135025774,1.235959448259844e-05
1606,0.45297167130878996,1.0890164692442106,0.7644890997227497,1.2304583122307872e-05
1607,0.48607158235141207,1.0830902828838278,0.762816735594412,1.2249688111881124e-05
1608,0.4441967989717211,1.1062938597645235,0.7775086542281874,1.2194909618537948e-05
1609,0.4188820336546217,1.109695305017597,0.770605902947361,1.2140247809143115e-05
1610,0.45180815032550264,1.1098130347806803,0.7781217802809739,1.2085702850205972e-05
1611,0.4544579173837389,1.1122917889378967,0.7855033940676548,1.2031274907879942e-05
1612,0.46032637783459257,1.1027647806953618,0.7701545602388157,1.1976964147961965e-05
1613,0.42921994413648334,1.0914197203522678,0.761544448431444,1.1922770735892021e-05
1614,0.44021918943950106,1.094354797080204,0.77365586475376,1.1868694836752677e-05
1615,0.4978199430874416,1.1133860585088067,0.777442308812446,1.1814736615268469e-05
1616,0.5081383287906647,1.1287136095461607,0.7831967581554722,1.1760896235805513e-05
1617,0.44247617040361675,1.0980789237263762,0.7744418512353044,1.1707173862370935e-05
1618,0.470947197505406,1.0986264347472412,0.7744371373248193,1.1653569658612392e-05
1619,0.43976788435663494,1.0788797054856543,0.7681038106973805,1.1600083787817603e-05
1620,0.47053782854761395,1.092658507889504,0.7859709922033324,1.1546716412913808e-05
1621,0.46907903466905865,1.0498978495064897,0.7509944359887082,1.1493467696467266e-05
1622,0.45147418124335154,1.0595998730218437,0.761241478929751,1.1440337800682822e-05
1623,0.5111410958426339,1.0703180395468934,0.7691805773794811,1.1387326887403327e-05
1624,0.4663212171622685,1.0862302346936823,0.7666822786474506,1.1334435118109244e-05
1625,0.4657236763409206,1.0834168996962898,0.7646219460709197,1.1281662653918067e-05
1626,0.47734016605785917,1.0821048622864917,0.7709156531581606,1.1229009655583867e-05
1627,0.4715784362384251,1.0905862997682656,0.7681552135009828,1.11764762834968e-05
1628,0.43490608249391827,1.1178303508626806,0.778240163577218,1.1124062697682655e-05
1629,0.4272563712937491,1.1187917429215708,0.7764624072421418,1.1071769057802287e-05
1630,0.46126110213143484,1.120001507837789,0.78093070392953,1.1019595523151199e-05
1631,0.4544159046241215,1.105176376453687,0.773834392162196,1.0967542252659018e-05
1632,0.46183824964932035,1.083845514881478,0.7676470052382698,1.0915609404889017e-05
1633,0.4568872962679182,1.1102366682883245,0.7718247949382706,1.08637971380377e-05
1634,0.46230354053633554,1.1107354898784516,0.7710710530567398,1.0812105609934183e-05
1635,0.49287096091679167,1.094993277194019,0.7648991578943448,1.0760534978039841e-05
1636,0.45113987582070486,1.0827148852670103,0.7631544673115964,1.0709085399447746e-05
1637,0.4771525944982256,1.0898498444439655,0.7807650084631725,1.0657757030882256e-05
1638,0.45188904234341215,1.0763100454708723,0.768438473834325,1.0606550028698477e-05
1639,0.45138480407851084,1.082127099659978,0.7628458710709246,1.0555464548881816e-05
1640,0.4819284166608538,1.0774563931629841,0.7580384714569605,1.0504500747047502e-05
1641,0.503917259829385,1.0938110835105903,0.7743090230408334,1.0453658778440109e-05
1642,0.5126366870743888,1.0986609748824827,0.7808519571169362,1.0402938797933106e-05
1643,0.4295621854918344,1.1163828112185612,0.7894101629606839,1.0352340960028342e-05
1644,0.4904545715876988,1.1421635694940613,0.7815279200805871,1.030186541885559e-05
1645,0.4608279424054282,1.1290962737860923,0.7767743280302083,1.0251512328172137e-05
1646,0.4499903534139906,1.1262001899931802,0.7948065605462061,1.0201281841362205e-05
1647,0.4297768601349422,1.1128635623773622,0.7793915643514231,1.0151174111436563e-05
1648,0.4589215474469321,1.107380835481771,0.7630371224069303,1.0101189291032066e-05
1649,0.44091550367219107,1.0943588707702405,0.768426774683059,1.0051327532411141e-05
1650,0.46873306376593454,1.0842328673141546,0.7761972295057277,1.0001588987461331e-05
1651,0.49588875685419354,1.10316789658993,0.7733493213938739,9.951973807694903e-06
1652,0.4609999784401485,1.1105492377685655,0.7724692618394264,9.90248214424828e-06
1653,0.4638167236532484,1.1421084064542901,0.7808983897403372,9.853114147881652e-06
1654,0.4470242815358298,1.1122333791090746,0.7771060902060661,9.803869968978503e-06
1655,0.47556462032454355,1.0996330162037182,0.7683067826665293,9.754749757545125e-06
1656,0.45052418538502287,1.1057290464532221,0.77211381937358,9.705753663210224e-06
1657,0.460266181400844,1.103143348855695,0.7663969890331314,9.656881835224395e-06
1658,0.436856563602175,1.0653570423940906,0.7599389522428147,9.608134422459695e-06
1659,0.45870886955942425,1.1165547031474818,0.7793840187664688,9.559511573409185e-06
1660,0.46022178871291025,1.1020054831768396,0.774904746655278,9.511013436186528e-06
1661,0.46394820724214825,1.1172893966553024,0.7766079448412235,9.46264015852544e-06
1662,0.472561491387231,1.1203477158195587,0.7787130589622391,9.414391887779314e-06
1663,0.418674715927669,1.1137228047827017,0.7744558111272087,9.36626877092076e-06
1664,0.4548936401094709,1.0945983498279082,0.771630199388363,9.318270954541113e-06
1665,0.4392941679273333,1.0927054954109683,0.7649887016193685,9.27039858485008e-06
1666,0.4289828198296683,1.0765386362424922,0.7670044656548155,9.22265180767518e-06
1667,0.45236449582236155,1.100468208891296,0.7740590538682472,9.175030768461383e-06
1668,0.4610402584075928,1.1074874515503779,0.7840256512069649,9.127535612270633e-06
1669,0.4544289154665811,1.1048908699026658,0.7796264644411011,9.080166483781401e-06
1670,0.44605954204286846,1.0991185969554829,0.7775347692317621,9.032923527288283e-06
1671,0.48917815514973234,1.1093423272189402,0.7911091531192209,8.985806886701515e-06
1672,0.4716999999114445,1.1152626411602853,0.7877200950426022,8.938816705546555e-06
1673,0.49222689867019653,1.105959133694756,0.7703586162863514,8.89195312696363e-06
1674,0.41588443517684937,1.1173229537677476,0.7749797873902381,8.845216293707351e-06
1675,0.45143171293394907,1.1427203712754694,0.7835010459182681,8.798606348146202e-06
1676,0.4660245435578482,1.1268047045363248,0.7824721732323311,8.752123432262168e-06
1677,0.4411694748061044,1.1282408624163474,0.786068103297749,8.705767687650266e-06
1678,0.4394990929535457,1.1263882229809299,0.7819423871805256,8.659539255518125e-06
1679,0.44562525834356037,1.104629941947168,0.7729321345672763,8.613438276685588e-06
1680,0.4455967204911368,1.1067665515255551,0.7815395087968514,8.567464891584223e-06
1681,0.4729535962854113,1.1417044497409006,0.7875087321312529,8.521619240256916e-06
1682,0.4673906351838793,1.098554694959867,0.770845612557005,8.4759014623575e-06
1683,0.44428085003580364,1.096735737292294,0.7730913294966139,8.430311697150245e-06
1684,0.53056629214968,1.094176459983045,0.7726113520510842,8.384850083509464e-06
1685,0.47591959152902874,1.0982780570958892,0.7712540774389587,8.339516759919142e-06
1686,0.4612919007028852,1.091004228173464,0.7738883295247285,8.294311864472437e-06
1687,0.4951311307294028,1.088608549275786,0.7697673814765252,8.249235534871287e-06
1688,0.43376506652150837,1.0939953514211849,0.7686864639511677,8.204287908426032e-06
1689,0.4689671950680869,1.0985139952745837,0.7784603591707745,8.159469122054924e-06
1690,0.47392091155052185,1.1005670539665209,0.7704840825507889,8.114779312283756e-06
1691,0.4604764665876116,1.1203782527616277,0.7788101742925188,8.070218615245446e-06
1692,0.47523630942617145,1.1153858754274413,0.7827474383741093,8.025787166679594e-06
1693,0.4479611132826124,1.1063944046310898,0.7744012444364471,7.981485101932111e-06
1694,0.4798553500856672,1.1037718268865309,0.7755762056862279,7.937312555954768e-06
1695,0.47647600940295626,1.1188979305628834,0.7782862355471338,7.893269663304796e-06
1696,0.42451246295656475,1.108301161453221,0.773970423274279,7.849356558144472e-06
1697,0.45684888107436045,1.1131769103487252,0.7765342943770387,7.805573374240755e-06
1698,0.45868852734565735,1.1393678169591916,0.7886424109620152,7.761920244964804e-06
1699,0.4765423323426928,1.1301227692451563,0.7735154498259506,7.71839730329162e-06
1700,0.46094939964158194,1.095864399077367,0.7671034565647548,7.675004681799638e-06
1701,0.47443697707993643,1.1017200906915599,0.7750847378569697,7.631742512670284e-06
1702,0.44360383067812237,1.0998911209564732,0.7751932882021962,7.588610927687664e-06
1703,0.5064965188503265,1.090207824191797,0.7744444357169067,7.545610058238049e-06
1704,0.466227297272001,1.1013064976922242,0.7709980201208797,7.502740035309541e-06
1705,0.4200813685144697,1.1152341879602903,0.7767057975142408,7.460000989491659e-06
1706,0.46267166307994295,1.1045155954284391,0.7696055046407346,7.417393050974965e-06
1707,0.42061279926981243,1.1085714585327293,0.7717256503270138,7.374916349550627e-06
1708,0.4510775549071176,1.1137433287495722,0.7742003262557688,7.332571014610035e-06
1709,0.4804576635360718,1.1003735670024937,0.7809666297971221,7.290357175144428e-06
1710,0.4435026390211923,1.0952472807236273,0.7750274335884115,7.2482749597444725e-06
1711,0.4697887471743992,1.0975672260201699,0.7711839173259519,7.206324496599911e-06
1712,0.47138390796525137,1.0914344844530341,0.7702188373431271,7.164505913499121e-06
1713,0.4567699560097286,1.1314494869461442,0.7833392722559996,7.122819337828764e-06
1714,0.47147213986941744,1.115258446748151,0.7727436365422727,7.081264896573369e-06
1715,0.4770148481641497,1.1032636640080653,0.7704518122330352,7.0398427163149636e-06
1716,0.43531898089817594,1.109273624242833,0.7762701976933949,6.9985529232327196e-06
1717,0.4793616362980434,1.1229881410706448,0.7884911570657065,6.957395643102491e-06
1718,0.4546159505844116,1.102147404861659,0.7774424897443118,6.916371001296481e-06
1719,0.48262029034750803,1.0843410237241147,0.7711684204208727,6.875479122782888e-06
1720,0.43296317543302265,1.101697059698869,0.7665150431423018,6.834720132125451e-06
1721,0.4461980674948011,1.103754430499422,0.7720094207792955,6.794094153483114e-06
1722,0.43706082871982027,1.109895898852188,0.7676694117437178,6.753601310609674e-06
1723,0.45659737501825604,1.110290205361796,0.784891068895552,6.713241726853345e-06
1724,0.4368434420653752,1.1051128094615648,0.7654209699339019,6.673015525156411e-06
1725,0.45754663007599966,1.1190036637565999,0.7786613414945222,6.632922828054871e-06
1726,0.43209618755749296,1.0985850013499598,0.7775924973891899,6.592963757678025e-06
1727,0.4501648119517735,1.130324474086121,0.794854936523076,6.553138435748139e-06
1728,0.47227396283830914,1.140766575193832,0.7905341362188826,6.513446983580026e-06
1729,0.46246056471552166,1.1036035045799404,0.7692191536871148,6.473889522080773e-06
1730,0.46812374676976887,1.1032909777608917,0.775986665054569,6.434466171749238e-06
1731,0.440145662852696,1.1023548798558238,0.7774285764469014,6.395177052675795e-06
1732,0.4398955319608961,1.1287270596216872,0.7823291977252896,6.3560222845419085e-06
1733,0.4549841157027653,1.1131635120112406,0.7810894931236968,6.317001986619783e-06
1734,0.4326684772968292,1.0932199809202046,0.7791098380056393,6.27811627777204e-06
1735,0.4257208492074694,1.093188213459911,0.7795600996614143,6.239365276451278e-06
1736,0.44516601307051523,1.1143051742336625,0.7764762694066336,6.200749100699763e-06
1737,0.46962594985961914,1.1149808216255137,0.7776034933871847,6.162267868149062e-06
1738,0.47255559478487286,1.1233071414987268,0.7850884604176542,6.1239216960196925e-06
1739,0.4517142176628113,1.1046484478278422,0.7745342196758793,6.085710701120746e-06
1740,0.4434191073690142,1.1116147827416816,0.7700827859594136,6.047634999849531e-06
1741,0.45605082171303885,1.1156819779899578,0.7750814036276023,6.009694708191242e-06
1742,0.45947885513305664,1.1216671581231445,0.7731296180681196,5.9718899417185755e-06
1743,0.4570340258734567,1.1170939297278468,0.7733795881483907,5.934220815591421e-06
1744,0.4689967632293701,1.1088138733460733,0.7723131481979182,5.896687444556468e-06
1745,0.4656747707298824,1.1198345494791102,0.7739716583309285,5.859289942946873e-06
1746,0.4402133311544146,1.123936636136702,0.7769088233393631,5.82202842468191e-06
1747,0.46086476530347553,1.097873054124319,0.7639814566451962,5.784903003266609e-06
1748,0.487254981483732,1.1269613122610052,0.7809960109536934,5.7479137917914754e-06
1749,0.4839984433991568,1.1224477556791657,0.7854539809094536,5.711060902932042e-06
1750,0.44905864340918406,1.1114973972937545,0.7794163196429491,5.674344448948599e-06
1751,0.4510321148804256,1.1038093941510665,0.7674962420969552,5.637764541685828e-06
1752,0.45055001974105835,1.105185751931492,0.7736907349837602,5.601321292572489e-06
1753,0.4281629707132067,1.08356427777788,0.7660979891402679,5.565014812621025e-06
1754,0.4642126389912197,1.1005465523892124,0.7671900245959646,5.528845212427279e-06
1755,0.4721490144729614,1.0906114323541676,0.7655464210702569,5.492812602170108e-06
1756,0.48580932191440035,1.1061730487136112,0.7706666869774396,5.456917091611116e-06
1757,0.45145159108298166,1.1283096534378942,0.7796864321598517,5.421158790094238e-06
1758,0.43936180216925486,1.1407148274699503,0.7822044479268359,5.385537806545458e-06
1759,0.47617497614451815,1.1175206554155395,0.7802091061975456,5.350054249472489e-06
1760,0.46152871421405245,1.1230662146835704,0.7824713402801126,5.314708226964385e-06
1761,0.45285559977803913,1.125043380626945,0.776586064793044,5.279499846691251e-06
1762,0.44079444238117765,1.1270971412619069,0.7807461561494105,5.2444292159039425e-06
1763,0.4639500549861363,1.1293430727177245,0.7804656990497425,5.209496441433675e-06
1764,0.4538679463522775,1.1267468051290037,0.7766782504863833,5.17470162969173e-06
1765,0.4525806222643171,1.0954880078480955,0.7707864693187467,5.1400448866691386e-06
1766,0.48821256841932026,1.1034108974651873,0.7684598970144151,5.1055263179363595e-06
1767,0.42304163745471407,1.1031156662802186,0.7784563623313966,5.071146028642934e-06
1768,0.48815897532871794,1.1038114340217013,0.7794325106244501,5.036904123517189e-06
1769,0.4716155529022217,1.1065165136714747,0.7805378230904103,5.002800706865898e-06
1770,0.43735358119010925,1.1298779157849248,0.791310563870263,4.968835882573985e-06
1771,0.4432171029703958,1.1134621684966328,0.7854047740982967,4.935009754104202e-06
1772,0.4723364327635084,1.1102103060918826,0.7863606686120319,4.9013224244968035e-06
1773,0.4678738372666495,1.0957736121265294,0.7719577344754284,4.86777399636923e-06
1774,0.46222837056432453,1.097927142465114,0.7768601130318715,4.8343645719158046e-06
1775,0.4863188522202628,1.0804213808329381,0.764638582725729,4.8010942529074454e-06
1776,0.49561309814453125,1.1072682099336995,0.7744463028248402,4.767963140691306e-06
1777,0.4651649594306946,1.0909637085123614,0.7676563183883751,4.734971336190506e-06
1778,0.41337532230785917,1.1309895829531902,0.7800398520010773,4.70211893990379e-06
1779,0.43006437591144014,1.1228799462353554,0.7738748153061326,4.669406051905261e-06
1780,0.48065249408994404,1.1145853266537502,0.7766898331514146,4.636832771844057e-06
1781,0.45696717500686646,1.08211961942834,0.763444812428502,4.6043991989440286e-06
1782,0.4432081026690347,1.0943801417618213,0.7693266299384888,4.572105432003466e-06
1783,0.4816970271723611,1.1214477476770661,0.7771599685690772,4.539951569394781e-06
1784,0.4813030702727182,1.1053775475759036,0.7757535083251103,4.507937709064221e-06
1785,0.4814875764506204,1.0937078927424069,0.7661322424470665,4.476063948531558e-06
1786,0.48388141819408964,1.1159886998612167,0.7731347558674744,4.4443303848897895e-06
1787,0.444224340575082,1.1007194742379847,0.7597432411481088,4.412737114804856e-06
1788,0.49401012488773893,1.1092359861788716,0.7726186395509521,4.38128423451533e-06
1789,0.45695212483406067,1.1227904351869897,0.7769491814325453,4.349971839832148e-06
1790,0.4766423574515751,1.1063188676950262,0.7717816738521134,4.318800026138298e-06
1791,0.46786474330084665,1.0964354094563549,0.7759334341734859,4.287768888388519e-06
1792,0.410681745835713,1.116514333556957,0.7779828439719411,4.2568785211090404e-06
1793,0.44116772072655813,1.1122264386474177,0.7798436537821172,4.226129018397286e-06
1794,0.464085761989866,1.1055890886960638,0.7685438330618438,4.19552047392157e-06
1795,0.5051018595695496,1.0900738256888691,0.7701006068405156,4.165052980920823e-06
1796,0.4329476271356855,1.085662020589451,0.7687922791390909,4.134726632204321e-06
1797,0.457920891898019,1.0858569973670358,0.7740760702379257,4.104541520151373e-06
1798,0.43269966329847065,1.1140604048855691,0.7758031120971501,4.074497736711064e-06
1799,0.4462345710822514,1.0904846060751194,0.7659312041494138,4.044595373401982e-06
1800,0.4669304404939924,1.0929005163625538,0.7703009849486511,4.0148345213119e-06
1801,0.4366935874734606,1.1015611850111584,0.7605474708868166,3.985215271097539e-06
1802,0.44791119013513836,1.1142342906957539,0.7719150990007172,3.955737712984261e-06
1803,0.4444408799920763,1.1022015337457152,0.7656706852572647,3.92640193676584e-06
1804,0.44496844496045795,1.0832905750644553,0.7677138562345259,3.897208031804121e-06
1805,0.43551493116787504,1.0504733172236844,0.7580119843025579,3.868156087028814e-06
1806,0.47847239460263935,1.0948723430005156,0.7683720461218153,3.839246190937168e-06
1807,0.477254901613508,1.1137530161684368,0.7826958401156819,3.8104784315937527e-06
1808,0.45397634165627615,1.11568216376281,0.7730489980963595,3.7818528966301446e-06
1809,0.4584590026310512,1.113359661820337,0.7719352344784309,3.753369673244691e-06
1810,0.44124010631016325,1.1105455740495627,0.7801645718459278,3.7250288482022286e-06
1811,0.3916813688618796,1.112076380777306,0.7775244754793538,3.6968305078338164e-06
1812,0.451970819916044,1.1159229023846209,0.7749140005033001,3.668774738036508e-06
1813,0.4772475617272513,1.124177741463231,0.7723446893420988,3.640861624273034e-06
1814,0.462825745344162,1.1210062594014152,0.7776104544230338,3.6130912515715777e-06
1815,0.4265716288770948,1.1121307477773794,0.7789772833268985,3.5854637045255148e-06
1816,0.4456941783428192,1.097105173839511,0.7708235198079866,3.5579790672931336e-06
1817,0.4981211381299155,1.102853170147696,0.7731960627240817,3.530637423597422e-06
1818,0.4592988448483603,1.1254587681194184,0.7784053462015812,3.5034388567257638e-06
1819,0.4589023973260607,1.1196875033076485,0.7746158132910247,3.476383449529708e-06
1820,0.4776496248585837,1.091496850880535,0.7739623176477133,3.4494712844247076e-06
1821,0.4825007745197841,1.114002287633861,0.7795666144188317,3.4227024433899e-06
1822,0.4694911369255611,1.1022274614636296,0.782278234241201,3.396077007967811e-06
1823,0.4695744940212795,1.0791922292790865,0.7718940264895778,3.3695950592641395e-06
1824,0.45134443044662476,1.1002157559901369,0.7748294206046832,3.3432566779474844e-06
1825,0.43030115962028503,1.0834565861026122,0.7697295476551772,3.3170619442491276e-06
1826,0.45451137849262785,1.1054250721442942,0.7709783112550905,3.291010937962772e-06
1827,0.4369794045175825,1.1135262395564618,0.7782265924770321,3.2651037384442977e-06
1828,0.4638013115950993,1.1169343160531875,0.7764618523440783,3.2393404246115313e-06
1829,0.4242112210818699,1.1100024066037248,0.7680795897297259,3.2137210749439905e-06
1830,0.4564910275595529,1.1095153646462623,0.7712726069194417,3.1882457674826588e-06
1831,0.47201110209737507,1.1197503266032387,0.7738193194485481,3.162914579829746e-06
1832,0.4847105954374586,1.1108056614888009,0.7720383586830516,3.137727589148433e-06
1833,0.45171114802360535,1.1200363072683632,0.772413012603337,3.112684872162672e-06
1834,0.4573237555367606,1.1157415318043733,0.7728530848904723,3.087786505156918e-06
1835,0.4988448704992022,1.1123804398034955,0.7701038711781423,3.0630325639759046e-06
1836,0.48203413827078684,1.1094576755192873,0.7660812723066216,3.0384231240244437e-06
1837,0.4852667365755354,1.0999268486461853,0.7690299694522922,3.0139582602671534e-06
1838,0.46909865736961365,1.0982850508083966,0.7726454180722223,2.9896380472282464e-06
1839,0.4496849477291107,1.0884890903728812,0.7680422369813991,2.965462558991318e-06
1840,0.4465600848197937,1.0938946298586156,0.7744549554828666,2.941431869199088e-06
1841,0.4641439744404384,1.0871788450357278,0.7635881549428233,2.9175460510532147e-06
1842,0.4425589825425829,1.0840269432510006,0.7623127389898473,2.893805177314039e-06
1843,0.4352673121861049,1.0918934102641782,0.7784715351929501,2.8702093203003735e-06
1844,0.46104512895856586,1.1048432279403555,0.7742862098925296,2.8467585518892987e-06
1845,0.46211138367652893,1.0887666392499828,0.7749448584632782,2.8234529435159238e-06
1846,0.44935584494045805,1.0933224942528568,0.7662997166733561,2.800292566173164e-06
1847,0.4357604043824332,1.1187392046041011,0.7740166607454166,2.7772774904115555e-06
1848,0.45632408772196087,1.108722139679837,0.7711680667263056,2.754407786338995e-06
1849,0.45234874316624235,1.1172075222629472,0.774186231723931,2.731683523620585e-06
1850,0.4724595163549696,1.1274157435188592,0.7709519360484979,2.709104771478364e-06
1851,0.45153041396822247,1.1092727952239159,0.7670136375086308,2.6866715986911244e-06
1852,0.40552450503621784,1.1263193408883267,0.7803887999811367,2.6643840735941945e-06
1853,0.42221874424389433,1.1190735452103284,0.7731542142122185,2.642242264079261e-06
1854,0.44214291657720295,1.1044724204863086,0.7652457843188746,2.620246237594102e-06
1855,0.5004193442208427,1.09498302368231,0.7698740792367774,2.598396061142429e-06
1856,0.4764314464160374,1.1095918945896568,0.7685445325843754,2.5766918012836722e-06
1857,0.44907674193382263,1.1012097799279508,0.7632981656384165,2.5551335241327618e-06
1858,0.4318614218916212,1.1169782882452621,0.7737335326315149,2.533721295359961e-06
1859,0.42992821761540007,1.1199088211023596,0.7800477942443528,2.512455180190626e-06
1860,0.4362368498529707,1.1285216257084036,0.7833414497921845,2.4913352434050353e-06
1861,0.4397644443171365,1.1136010273498838,0.7701199598938061,2.4703615493381748e-06
1862,0.44723088826451984,1.1084680078640896,0.7715881714574422,2.4495341618795558e-06
1863,0.478535281760352,1.1172784042880473,0.773173685264552,2.4288531444730196e-06
1864,0.45283669233322144,1.099814564690215,0.7689875602936942,2.408318560116521e-06
1865,0.44016970906938824,1.1085153530134229,0.7717224900705942,2.3879304713619644e-06
1866,0.4307125764233725,1.1110117873605747,0.7749135484761971,2.36768894031501e-06
1867,0.46107255135263714,1.1063301090705178,0.7761339920032406,2.347594028634874e-06
1868,0.42169194562094553,1.113157016315207,0.7725876675252326,2.327645797534137e-06
1869,0.4335311736379351,1.1180329715577555,0.7730384625971939,2.3078443077785656e-06
1870,0.468938593353544,1.0949970120150092,0.768633659682009,2.288189619686948e-06
1871,0.44020985279764446,1.0778564922153544,0.7752892498649099,2.268681793130861e-06
1872,0.4172142573765346,1.1057788937873891,0.7813026387282794,2.249320887534523e-06
1873,0.46179378032684326,1.125876208190116,0.7803064578284727,2.2301069618746185e-06
1874,0.4371029095990317,1.098532647595096,0.7747056577623271,2.211040074680099e-06
1875,0.4786503527845655,1.1265085178616698,0.7820073889199854,2.192120284032002e-06
1876,0.4424985647201538,1.118042031463761,0.7777595616444457,2.1733476475632987e-06
1877,0.48781757269586834,1.1030470876569491,0.7769380438356991,2.154722222458688e-06
1878,0.4360980604376112,1.0890347769470052,0.7712431927836506,2.13624406545445e-06
1879,0.457519211939403,1.0964749687867847,0.7777956091418204,2.117913232838254e-06
1880,0.4665682784148625,1.0773273131022159,0.7690333720605923,2.0997297804489914e-06
1881,0.4934499604361398,1.093346256839614,0.7677488308482948,2.0816937636766186e-06
1882,0.4575449356010982,1.0951670214053524,0.7610101487649648,2.0638052374619683e-06
1883,0.43997467841420856,1.08930783732205,0.7668123384028371,2.0460642562965925e-06
1884,0.4402306207588741,1.0834918535960567,0.7670933401134725,2.0284708742225903e-06
1885,0.48417756387165617,1.0513797677179302,0.7571027496360218,2.0110251448324695e-06
1886,0.4403101418699537,1.072987453229531,0.7636392231132423,1.993727121268935e-06
1887,0.4331921339035034,1.0877219120310981,0.7693014909987923,1.9765768562247735e-06
1888,0.4486651292869023,1.1003582041322248,0.7735909344188492,1.9595744019426562e-06
1889,0.45962947607040405,1.1008609351214134,0.7678911234736955,1.942719810215019e-06
1890,0.45476616280419485,1.0935585613228134,0.7645335381623247,1.926013132383866e-06
1891,0.44596739751952036,1.1135648294793696,0.7676695808756794,1.9094544193406335e-06
1892,0.43611658470971243,1.1021971357095912,0.766689279016314,1.89304372152604e-06
1893,0.49216402002743315,1.0779956173228558,0.7570207130706228,1.8767810889299138e-06
1894,0.45508845363344463,1.089032386104858,0.7627590434418203,1.8606665710910467e-06
1895,0.47442129254341125,1.0937701230171657,0.7653734393142781,1.844700217097069e-06
1896,0.4512800872325897,1.0833062674243592,0.7598313437720002,1.8288820755842518e-06
1897,0.44110881856509615,1.1088507489546802,0.7782933545201636,1.8132121947374026e-06
1898,0.45898104139736723,1.1148260029478616,0.7822563587314463,1.7976906222896883e-06
1899,0.45307201572826933,1.101891697909969,0.7755464572198151,1.7823174055225268e-06
1900,0.4413697123527527,1.0796201343520855,0.76909651244079,1.7670925912653887e-06
1901,0.46766430139541626,1.0814091033192967,0.7708269732466435,1.752016225895703e-06
1902,0.4278191157749721,1.089804101056,0.7750594485441339,1.7370883553386936e-06
1903,0.4771377742290497,1.1081947856185628,0.7799366010231259,1.722309025067241e-06
1904,0.438161517892565,1.1215427617166962,0.7826914069824068,1.70767828010175e-06
1905,0.4425131252833775,1.10248248946698,0.777080461116499,1.6931961650100089e-06
1906,0.4503861665725708,1.113905465485819,0.7798541677994056,1.6788627239070439e-06
1907,0.46346823232514517,1.1534237449563964,0.7965766166873258,1.6646780004550163e-06
1908,0.4358377073492323,1.107090317602164,0.7757023230633332,1.6506420378630413e-06
1909,0.47372602990695406,1.1033332964535567,0.7746032324751146,1.6367548788870986e-06
1910,0.4716096988746098,1.105053061402571,0.7739340638358446,1.623016565829886e-06
1911,0.4533004718167441,1.0946230615505568,0.7737938709882851,1.6094271405406859e-06
1912,0.5041442683764866,1.11629528860535,0.7822097079610967,1.5959866444152396e-06
1913,0.47800624796322416,1.0947897291474913,0.7652143445328463,1.5826951183956372e-06
1914,0.46320039885384695,1.1035210060029041,0.7668381254295848,1.569552602970164e-06
1915,0.41927030256816317,1.086358945931801,0.7617860508667617,1.5565591381732126e-06
1916,0.45364883967808317,1.1003469591259933,0.7635652900564777,1.5437147635851172e-06
1917,0.45714148453303743,1.1003919812069884,0.7667572797468348,1.5310195183320777e-06
1918,0.4435844761984689,1.0966422415070165,0.7716755787946652,1.5184734410860103e-06
1919,0.4374699890613556,1.0955371819825945,0.7777563293783538,1.506076570064445e-06
1920,0.43777492216655184,1.093606633527788,0.7846929515280548,1.4938289430304018e-06
1921,0.47580057808331083,1.0950801232793839,0.776951568341391,1.481730597292267e-06
1922,0.44374910422733854,1.1148473090365936,0.7718575384624426,1.4697815697037146e-06
1923,0.47399573240961346,1.1039238943711127,0.7744370111566119,1.457981896663542e-06
1924,0.47389915585517883,1.1011239561983963,0.7587923985062202,1.446331614115604e-06
1925,0.49710687143462046,1.1232149276671541,0.7819928650531682,1.4348307575486866e-06
1926,0.4620883124215262,1.1185078668752737,0.7787980905853974,1.423479361996386e-06
1927,0.45706301076071604,1.1120242203593353,0.7732323858551183,1.4122774620370257e-06
1928,0.4721228948661259,1.1192901496996777,0.7802394957920916,1.4012250917935363e-06
1929,0.4477419342313494,1.1005609428263425,0.7740574030918925,1.3903222849333507e-06
1930,0.4830384978226253,1.1059634884645642,0.7768735473741922,1.3795690746683104e-06
1931,0.4478429044995989,1.0961010537220452,0.7670983556779212,1.3689654937545617e-06
1932,0.48170651282582966,1.0979246578288557,0.7731566719204901,1.358511574492446e-06
1933,0.4409145244530269,1.1252016784609944,0.7721083239463566,1.3482073487264214e-06
1934,0.438231885433197,1.1251532165566165,0.7920452601011383,1.3380528478449432e-06
1935,0.4629930172647749,1.1082395877372395,0.7681449418355749,1.328048102780376e-06
1936,0.4611733981541225,1.110936058297864,0.7704796342894313,1.318193144008921e-06
1937,0.49042147397994995,1.094635348579106,0.7695514574483235,1.3084880015504798e-06
1938,0.43941175086157663,1.1059380657220415,0.7693005884573946,1.29893270496861e-06
1939,0.4650965929031372,1.1192735711367048,0.7712493786565561,1.289527283370388e-06
1940,0.46724411845207214,1.0995480841233423,0.7766030103632967,1.2802717654063702e-06
1941,0.46138098410197664,1.0846989901592337,0.7739351615295057,1.271166179270472e-06
1942,0.4126109480857849,1.1043192952462035,0.7784860033884241,1.262210552699881e-06
1943,0.44192393336977276,1.0986427007640311,0.7772230614470962,1.2534049129749838e-06
1944,0.45341189418520245,1.1034402117556343,0.7739328532866886,1.2447492869193011e-06
1945,0.4465434338365282,1.1227229612162992,0.7689970640576381,1.2362437008993563e-06
1946,0.43921560049057007,1.11381240992774,0.7658942774078883,1.2278881808246467e-06
1947,0.4327787160873413,1.1040040447671942,0.7724458980289223,1.21968275214754e-06
1948,0.4205259510449001,1.0764829107406164,0.7572013971384899,1.2116274398631864e-06
1949,0.4744249326842172,1.1027043346266445,0.7673136673213461,1.2037222685094684e-06
1950,0.467089627470289,1.1147423001754637,0.7759299662118697,1.1959672621669082e-06
1951,0.4526587852409908,1.1044700605054496,0.7780832442140395,1.1883624444585956e-06
1952,0.4285881987639836,1.1053823413626638,0.7745695552456949,1.1809078385501335e-06
1953,0.5028342860085624,1.0972690645256347,0.7714771044044227,1.1736034671495336e-06
1954,0.4477344240461077,1.0990321006313837,0.7734872619725213,1.1664493525071883e-06
1955,0.43287486689431326,1.0919611616839004,0.7716177483714002,1.159445516415767e-06
1956,0.43261402419635225,1.106655656327552,0.7689313924466882,1.1525919802101657e-06
1957,0.4317229986190796,1.1126874070522512,0.7804261121862026,1.1458887647674477e-06
1958,0.48748067021369934,1.0970212607867675,0.7739934597130794,1.1393358905067713e-06
1959,0.44577030198914663,1.1094684527652101,0.777109082238209,1.1329333773893243e-06
1960,0.43443025435720173,1.10206313841691,0.7679832026653344,1.126681244918274e-06
1961,0.43614848596709116,1.1218946124732123,0.7790113741580919,1.1205795121387022e-06
1962,0.49013221689632963,1.103055374820504,0.773436431615558,1.1146281976375382e-06
1963,0.47689805712018696,1.0880355559077535,0.7610498484839997,1.1088273195435266e-06
1964,0.4705840178898403,1.0782839730969218,0.7621381137189933,1.1031768955271391e-06
1965,0.4409066438674927,1.104130131585573,0.7709779254889886,1.0976769428005578e-06
1966,0.4582500457763672,1.0970821924669307,0.7647738901103487,1.0923274781175875e-06
1967,0.4425700306892395,1.100613703526624,0.7652536324654774,1.0871285177736171e-06
1968,0.45504899110112873,1.0970756786171982,0.7711714124530157,1.082080077605598e-06
1969,0.46146146740232197,1.0970324598036285,0.7711212341164052,1.0771821729919393e-06
1970,0.46834810291017803,1.0874716611736173,0.7685007010834674,1.072434818852519e-06
1971,0.4681660107203892,1.0983317036966775,0.7720120294658296,1.0678380296485951e-06
1972,0.47525366715022493,1.1051771845958505,0.7765553218064924,1.063391819382786e-06
1973,0.46596793617521015,1.103576603218641,0.7748725867725259,1.0590962015990181e-06
1974,0.44963022215025766,1.103078064523655,0.7760214197060193,1.0549511893824897e-06
1975,0.474439799785614,1.0715268126660276,0.7633415429942899,1.0509567953596255e-06
1976,0.47646522521972656,1.076445305353313,0.7596960124850104,1.047113031698039e-06
1977,0.4964429182665689,1.0738107591776207,0.7565314784488929,1.04341991010651e-06
1978,0.4602436976773398,1.0802676568233305,0.7632638999265903,1.0398774418349246e-06
1979,0.433773649590356,1.103273080029131,0.7765201360046928,1.036485637674253e-06
1980,0.49465128779411316,1.1076283254642083,0.7690287428673688,1.0332445079565165e-06
1981,0.48444484387125286,1.0950312278041634,0.7683963717758003,1.0301540625547597e-06
1982,0.47342454535620554,1.1209918626104904,0.7725600115751814,1.027214310883024e-06
1983,0.44154698082378935,1.0828586029577758,0.7662148051671723,1.0244252618962857e-06
1984,0.464498656136649,1.0737021782736678,0.7583344629793519,1.0217869240904908e-06
1985,0.44753694960049223,1.0895238018935127,0.7675685615924479,1.0192993055024596e-06
1986,0.4422331835542406,1.1151389064561628,0.7739026567264743,1.0169624137099156e-06
1987,0.4104930971349989,1.1100627056274808,0.773140893330516,1.0147762558314356e-06
1988,0.4616883567401341,1.1144172709039721,0.776233417694269,1.0127408385264333e-06
1989,0.4515086029257093,1.0650013327663084,0.7624597013517322,1.0108561679951477e-06
1990,0.46122473904064726,1.113350566212057,0.7828657336249136,1.0091222499786112e-06
1991,0.509140887430736,1.0866946244656381,0.7681841544303555,1.007539089758632e-06
1992,0.43113530959401813,1.1088790880889339,0.7783978974363545,1.0061066921578009e-06
1993,0.4940602609089443,1.0941473087733264,0.7738597864639238,1.0048250615394402e-06
1994,0.44074911304882597,1.1076832083318928,0.7793621759333721,1.003694201807627e-06
1995,0.43814508829798016,1.0972199009807935,0.7674122894086358,1.002714116407149e-06
1996,0.4679990325655256,1.0883581096198365,0.7706574449293218,1.00188480832352e-06
1997,0.43360763788223267,1.0956526050156687,0.7694147782491891,1.00120628008296e-06
1998,0.44784620829990934,1.1223517328989991,0.7818192376306312,1.0006785337523761e-06
1999,0.43908290777887615,1.1093978009895242,0.7744305118298386,1.0003015709393756e-06
2000,0.4362123651163919,1.11917392033981,0.7772143939635491,1.0000753927922592e-06
