Epoch,Train_Loss,Val_MSE_Norm,Val_Real_MAE,LR
1,1.0084209541479747,1.0110355913639069,0.06660886108875275,1.0000000000000002e-06
2,1.0152455667654674,1.0140147805213928,0.06650463864207268,2.0000000000000003e-06
3,0.9755657215913137,1.0151646435260773,0.06643642112612724,3e-06
4,0.9921275277932485,1.01405930519104,0.06637789309024811,4.000000000000001e-06
5,1.0157105724016826,1.0205816328525543,0.06651375815272331,5e-06
6,0.9990631639957428,1.0187601447105408,0.06639451533555984,6e-06
7,0.9835839867591858,1.0189834833145142,0.06622964888811111,7.000000000000001e-06
8,0.9680714805920919,1.0261428952217102,0.06638075411319733,8.000000000000001e-06
9,1.017535885175069,1.0275171995162964,0.06644159182906151,9e-06
10,1.0081148544947307,1.0272454619407654,0.06645069643855095,1e-05
11,0.9944828848044077,1.0226134359836578,0.06638626381754875,1.1000000000000001e-05
12,0.9671634336312612,1.019788533449173,0.0663316510617733,1.2e-05
13,0.967751661936442,1.0187541544437408,0.06628689169883728,1.3000000000000001e-05
14,0.9633709092934927,1.0226720571517944,0.06632336601614952,1.4000000000000001e-05
15,0.9472630321979523,1.0216540396213531,0.06630780920386314,1.5e-05
16,0.9621131320794424,1.0155931115150452,0.06610069796442986,1.6000000000000003e-05
17,0.9548984865347544,1.000581681728363,0.06583591178059578,1.7000000000000003e-05
18,0.9055673579374949,1.0044419765472412,0.06577504798769951,1.8e-05
19,0.9048125048478445,1.0061497688293457,0.0657871849834919,1.9e-05
20,0.8716670672098795,0.9835498332977295,0.06525655463337898,2e-05
21,0.8670860826969147,0.9777085483074188,0.06495552882552147,2.1e-05
22,0.7693518201510111,0.9679267108440399,0.06473549455404282,2.2000000000000003e-05
23,0.7618527511755625,0.959698885679245,0.06472073867917061,2.3000000000000003e-05
24,0.6481413394212723,0.9519998729228973,0.06489361822605133,2.4e-05
25,0.6416028738021851,1.0074805915355682,0.06668717786669731,2.5e-05
26,0.5855056693156561,0.9461409151554108,0.06541478261351585,2.6000000000000002e-05
27,0.5240567674239477,0.9825915992259979,0.0658433698117733,2.7000000000000002e-05
28,0.4327507143219312,0.9570309221744537,0.06575404852628708,2.8000000000000003e-05
29,0.4056810637315114,0.9682618975639343,0.06602669879794121,2.9e-05
30,0.3874683181444804,0.9891968369483948,0.06643184274435043,3e-05
31,0.31481323142846424,0.9926402270793915,0.06663373485207558,3.1e-05
32,0.29150771349668503,0.9974981546401978,0.06689750403165817,3.2000000000000005e-05
33,0.27458720405896503,1.0228778719902039,0.06768647953867912,3.3e-05
34,0.23559712866942087,0.9972629845142365,0.0675445944070816,3.4000000000000007e-05
35,0.23718119164307913,1.0045015811920166,0.06758912280201912,3.5e-05
36,0.21777123461167017,0.9946560561656952,0.06762515008449554,3.6e-05
37,0.21664877235889435,1.1047086119651794,0.07001755759119987,3.7e-05
38,0.21206317593653998,1.0381316542625427,0.06835390999913216,3.8e-05
39,0.16985165079434714,1.0129257440567017,0.06868921220302582,3.9000000000000006e-05
40,0.19624251003066698,1.009714424610138,0.06867202743887901,4e-05
41,0.1857064738869667,1.0479783415794373,0.06909911707043648,4.1e-05
42,0.15619983027378717,1.0216559767723083,0.06867894902825356,4.2e-05
43,0.1450838092714548,1.0261782109737396,0.06856478378176689,4.3e-05
44,0.1551926862448454,1.0325535535812378,0.0687895342707634,4.4000000000000006e-05
45,0.1429890456298987,1.0214492678642273,0.06914078816771507,4.5e-05
46,0.13312058026591936,1.035351574420929,0.06928365305066109,4.600000000000001e-05
47,0.13523931863407293,1.0395170450210571,0.06951823085546494,4.7e-05
48,0.1357346965620915,1.0791255235671997,0.06998744606971741,4.8e-05
49,0.12859462822477022,1.0887296795845032,0.07021543011069298,4.9e-05
50,0.12378232926130295,1.0427534580230713,0.06954677775502205,5e-05
51,0.12786302777628103,1.0231342911720276,0.06896022707223892,5.1000000000000006e-05
52,0.1298094391822815,1.0156914293766022,0.06785616651177406,5.2000000000000004e-05
53,0.10738965434332688,1.0352745056152344,0.06828717142343521,5.300000000000001e-05
54,0.11619013858338197,1.0705978870391846,0.06955651566386223,5.4000000000000005e-05
55,0.10177584768583377,1.0673209428787231,0.06884491071105003,5.500000000000001e-05
56,0.10806957197686036,1.0592727661132812,0.06842011958360672,5.6000000000000006e-05
57,0.10513935983181,1.0450219810009003,0.06819460913538933,5.6999999999999996e-05
58,0.10231531970202923,1.0352224111557007,0.06752024590969086,5.8e-05
59,0.09977475057045619,1.0611699223518372,0.06799781322479248,5.9e-05
60,0.09741589426994324,1.0194609463214874,0.06747457757592201,6e-05
61,0.09685850143432617,1.0206199288368225,0.06775953248143196,6.1e-05
62,0.09489391619960467,1.0110609829425812,0.06764498725533485,6.2e-05
63,0.09252200337747733,1.0073406100273132,0.06718390062451363,6.3e-05
64,0.09068812429904938,1.0250528156757355,0.06751943752169609,6.400000000000001e-05
65,0.08165413824220498,1.0737628638744354,0.06946243718266487,6.500000000000001e-05
66,0.10578376365204652,1.0223050117492676,0.06770668923854828,6.6e-05
67,0.08670690717796485,1.0133912563323975,0.0675845518708229,6.7e-05
68,0.09023228846490383,1.0203159749507904,0.06787091866135597,6.800000000000001e-05
69,0.07985995275278886,0.9922998249530792,0.06642697006464005,6.9e-05
70,0.08204641317327817,0.9730619788169861,0.06594200432300568,7e-05
71,0.07928832123676936,0.964316189289093,0.06494595482945442,7.1e-05
72,0.0788362721602122,0.9844474494457245,0.06570084765553474,7.2e-05
73,0.08141715017457803,1.0115520358085632,0.06640994921326637,7.3e-05
74,0.08242814242839813,1.0279207229614258,0.06700650602579117,7.4e-05
75,0.08471835156281789,1.0512638092041016,0.06771087646484375,7.500000000000001e-05
76,0.10383073054254055,1.0284776389598846,0.06681730225682259,7.6e-05
77,0.06423184523979823,1.024991363286972,0.06738694757223129,7.7e-05
78,0.08679296262562275,0.994184821844101,0.06658299267292023,7.800000000000001e-05
79,0.09157713316380978,1.0353499352931976,0.06782273948192596,7.900000000000001e-05
80,0.06812046964963277,1.0120438933372498,0.06694646179676056,8e-05
81,0.06482621872176726,1.000063717365265,0.06763963773846626,8.1e-05
82,0.061891622841358185,0.991802304983139,0.06751883402466774,8.2e-05
83,0.05450852649907271,0.9960881471633911,0.06707780435681343,8.3e-05
84,0.05926305614411831,0.9782036244869232,0.06723274290561676,8.4e-05
85,0.07819682732224464,0.9908391833305359,0.06648161262273788,8.5e-05
86,0.07979340851306915,0.9907924234867096,0.06619579344987869,8.6e-05
87,0.08464283371965091,1.0571845769882202,0.0679786317050457,8.7e-05
88,0.07698915153741837,0.9529235661029816,0.06450119614601135,8.800000000000001e-05
89,0.0762930375834306,0.953437477350235,0.0650060623884201,8.900000000000001e-05
90,0.06980419841905434,0.9508495330810547,0.06513185240328312,9e-05
91,0.059273225565751396,0.9611263871192932,0.06489953771233559,9.1e-05
92,0.05531573171416918,0.9643288552761078,0.06512871012091637,9.200000000000001e-05
93,0.06614304582277934,0.9525101184844971,0.06479447707533836,9.300000000000001e-05
94,0.04930452195306619,0.9311506152153015,0.06426975876092911,9.4e-05
95,0.05463849753141403,0.9859446585178375,0.06503026559948921,9.5e-05
96,0.04359065120418867,1.0018620491027832,0.06555937603116035,9.6e-05
97,0.046723839826881886,0.9730298817157745,0.0646036546677351,9.7e-05
98,0.04639074206352234,0.9442962110042572,0.06374651938676834,9.8e-05
99,0.036202288853625454,0.9492745399475098,0.06376823410391808,9.900000000000001e-05
100,0.03954982726524273,0.9549924731254578,0.06428544595837593,0.0001
101,0.04169741583367189,0.9559880197048187,0.06415397673845291,0.000101
102,0.04300752623627583,0.9766729176044464,0.06514393538236618,0.00010200000000000001
103,0.030678400459388893,0.9534549415111542,0.06442159041762352,0.00010300000000000001
104,0.03261930930117766,0.9685642123222351,0.06534096598625183,0.00010400000000000001
105,0.034054084680974483,0.9451826810836792,0.06427150405943394,0.000105
106,0.03419447566072146,0.93210169672966,0.06414285488426685,0.00010600000000000002
107,0.04133004074295362,0.9381374418735504,0.06407061964273453,0.00010700000000000001
108,0.04652941351135572,0.9448672533035278,0.06407251581549644,0.00010800000000000001
109,0.04075281694531441,0.9287949204444885,0.06406496651470661,0.000109
110,0.04304996971040964,0.9278984665870667,0.06369020231068134,0.00011000000000000002
111,0.04125550885995229,0.9419498443603516,0.06442138738930225,0.00011100000000000001
112,0.05786430059621731,0.9455586671829224,0.06457361206412315,0.00011200000000000001
113,0.05497064193089803,0.9225659668445587,0.064164312556386,0.000113
114,0.05113233284403881,0.923795223236084,0.06437368504703045,0.00011399999999999999
115,0.05453405870745579,0.94577956199646,0.06475910171866417,0.00011499999999999999
116,0.036994481148819126,0.9507386386394501,0.06485993787646294,0.000116
117,0.03408565496404966,0.9636238217353821,0.06558774784207344,0.000117
118,0.0324056139215827,0.9353779554367065,0.06474227458238602,0.000118
119,0.042679643568893276,0.9480933248996735,0.0651276521384716,0.000119
120,0.029401609984536965,0.9344580173492432,0.06458688527345657,0.00012
121,0.028205686404059332,0.9651252329349518,0.06494301930069923,0.000121
122,0.03476671346773704,0.9466285407543182,0.06446611136198044,0.000122
123,0.026615014765411615,0.9363005459308624,0.06441397964954376,0.000123
124,0.025485988861570757,0.9379910826683044,0.06414383836090565,0.000124
125,0.025314456783235073,0.9303736984729767,0.06394842080771923,0.000125
126,0.021755190721402567,0.9148891866207123,0.06364328227937222,0.000126
127,0.025888092815876007,0.9372479021549225,0.06407777965068817,0.000127
128,0.031516767417391144,0.9273853302001953,0.06350525841116905,0.00012800000000000002
129,0.03374005543688933,0.9180363118648529,0.06325726211071014,0.00012900000000000002
130,0.03301776728282372,0.9344244301319122,0.06334004923701286,0.00013000000000000002
131,0.029276267625391483,0.9324219226837158,0.06382409110665321,0.000131
132,0.025957669441898663,0.904393196105957,0.06306378170847893,0.000132
133,0.03062892146408558,0.9172441065311432,0.06377271190285683,0.000133
134,0.026978311749796074,0.9206608235836029,0.06337689980864525,0.000134
135,0.027898844486723345,0.9365721046924591,0.06371093913912773,0.00013500000000000003
136,0.024486701625088852,0.938811182975769,0.0635342039167881,0.00013600000000000003
137,0.023740288025389116,0.93893763422966,0.06369097158312798,0.00013700000000000002
138,0.020437090502430994,0.9247046411037445,0.06300620920956135,0.000138
139,0.022725004858026903,0.9044691026210785,0.06269968301057816,0.000139
140,0.031547640139857926,0.9067748486995697,0.06278904899954796,0.00014
141,0.024890470163275797,0.9100838601589203,0.06281914934515953,0.000141
142,0.024246315471827984,0.9060445725917816,0.0626809112727642,0.000142
143,0.02441811840981245,0.9201331734657288,0.06307323463261127,0.000143
144,0.024451677997907,0.9133839011192322,0.06289203837513924,0.000144
145,0.02039274200797081,0.9275935888290405,0.06296016462147236,0.000145
146,0.018830517772585154,0.9361850917339325,0.06317109614610672,0.000146
147,0.02157708692053954,0.9830144345760345,0.06495583429932594,0.000147
148,0.026001537839571636,0.9609478116035461,0.06430347636342049,0.000148
149,0.021808818293114502,0.9249298870563507,0.0628294013440609,0.00014900000000000002
150,0.017895161795119446,0.9236354529857635,0.06308575719594955,0.00015000000000000001
151,0.021662546942631405,0.9630456864833832,0.064381193369627,0.000151
152,0.02859949879348278,0.9453852474689484,0.06362037733197212,0.000152
153,0.022632897676279146,0.9259269833564758,0.0630751233547926,0.000153
154,0.025937669910490513,0.8884979486465454,0.06182756833732128,0.000154
155,0.030222587753087282,0.8727686107158661,0.06189514137804508,0.000155
156,0.04143370734527707,0.861238420009613,0.061511265113949776,0.00015600000000000002
157,0.023361455649137497,0.8941541314125061,0.061765074729919434,0.00015700000000000002
158,0.02385907464971145,0.8953485786914825,0.06211087107658386,0.00015800000000000002
159,0.018361657081792753,0.8867948055267334,0.06178358383476734,0.00015900000000000002
160,0.016216998764624197,0.9268208742141724,0.06276845745742321,0.00016
161,0.021202280341337126,0.8993975222110748,0.062126653268933296,0.000161
162,0.016752086114138365,0.9283678829669952,0.06260591931641102,0.000162
163,0.0172353507950902,0.9082206189632416,0.06202596612274647,0.000163
164,0.016533392171065014,0.8962094783782959,0.061593323945999146,0.000164
165,0.01578272118543585,0.8878286182880402,0.06183134764432907,0.000165
166,0.01689058681949973,0.9004550874233246,0.06229752115905285,0.000166
167,0.015214889155079922,0.9384168982505798,0.063182158395648,0.000167
168,0.01642168949668606,0.92583167552948,0.06262173689901829,0.000168
169,0.014003381909181675,0.9070157408714294,0.06212320551276207,0.00016900000000000002
170,0.015789166713754337,0.9110634624958038,0.062099723145365715,0.00017
171,0.018615884551157553,0.906921774148941,0.061663975939154625,0.000171
172,0.017555921183278162,0.9306994676589966,0.06279216706752777,0.000172
173,0.021406935683141153,0.9237607717514038,0.06226446479558945,0.000173
174,0.014967154711484909,0.912912517786026,0.062137188389897346,0.000174
175,0.018161798361688852,0.886957198381424,0.0617999155074358,0.000175
176,0.014820498414337635,0.911554753780365,0.06226354092359543,0.00017600000000000002
177,0.01934961834922433,0.8748733401298523,0.06119741313159466,0.00017700000000000002
178,0.026057029608637094,0.8745688796043396,0.06124291941523552,0.00017800000000000002
179,0.015901406450817984,0.8936524987220764,0.06217603199183941,0.00017900000000000001
180,0.02071207171926896,0.8935116231441498,0.062426717951893806,0.00018
181,0.019088564440608025,0.8982058763504028,0.06255664117634296,0.000181
182,0.017207104712724686,0.9021500647068024,0.06258414126932621,0.000182
183,0.019906186188260715,0.9062444269657135,0.06204846501350403,0.000183
184,0.020414552030464012,0.9399073421955109,0.06244780868291855,0.00018400000000000003
185,0.020751424599438906,0.92762690782547,0.062042566016316414,0.00018500000000000002
186,0.017047900861750048,0.9007418751716614,0.06209953315556049,0.00018600000000000002
187,0.016030174680054188,0.884404182434082,0.062141504138708115,0.00018700000000000002
188,0.014845063754667839,0.8830942809581757,0.06187939643859863,0.000188
189,0.01752951213469108,0.909832090139389,0.06254874728620052,0.00018899999999999999
190,0.01760894013568759,0.9186316132545471,0.06203751638531685,0.00019
191,0.017050884974499542,0.8766855001449585,0.06125378608703613,0.000191
192,0.01923683813462655,0.8758768439292908,0.06192038208246231,0.000192
193,0.02033167767028014,0.8915107250213623,0.0613164696842432,0.000193
194,0.015363791026175022,0.8920993804931641,0.06141102686524391,0.000194
195,0.013589855749160051,0.9024997651576996,0.06186738237738609,0.000195
196,0.015885568223893642,0.8927786946296692,0.06176471337676048,0.000196
197,0.020333902444690466,0.8737201690673828,0.061380160972476006,0.00019700000000000002
198,0.020780786871910095,0.9080350399017334,0.0617135651409626,0.00019800000000000002
199,0.017168683155129354,0.9208695888519287,0.06207291595637798,0.000199
200,0.014471268902222315,0.9463710784912109,0.06276175379753113,0.0002
201,0.0229722127939264,0.9346965551376343,0.06287942081689835,0.00019999984845287214
202,0.025022295614083607,0.9165757596492767,0.06236539967358112,0.00019999939381195017
203,0.021611674999197323,0.9047697484493256,0.06247747130692005,0.00019999863607861898
204,0.024853707291185856,0.9081040918827057,0.06280960142612457,0.00019999757525518676
205,0.030897451254228752,0.949940949678421,0.06355057656764984,0.00019999621134488503
206,0.020974351248393457,0.9578326940536499,0.06397514417767525,0.00019999454435186845
207,0.019371709786355495,0.9500214457511902,0.06337900087237358,0.00019999257428121497
208,0.014614617141584555,0.9331617653369904,0.06260224245488644,0.00019999030113892577
209,0.013610321252296368,0.9459208250045776,0.06285755522549152,0.00019998772493192525
210,0.016308571211993694,0.9791273772716522,0.06403690949082375,0.00019998484566806094
211,0.021785500304152567,0.9600370824337006,0.06322608515620232,0.00019998166335610362
212,0.01622869415829579,0.9302434325218201,0.06237040087580681,0.00019997817800574715
213,0.014368529431521893,0.9250963032245636,0.06236462667584419,0.0001999743896276085
214,0.01973487917954723,0.9398365616798401,0.062533650547266,0.00019997029823322772
215,0.017607588010529678,0.9208337366580963,0.0624725017696619,0.00019996590383506793
216,0.018857181227455538,0.8937751650810242,0.062210969626903534,0.00019996120644651526
217,0.019149738519142073,0.9051044881343842,0.06196843273937702,0.00019995620608187872
218,0.012810821334520975,0.9062584638595581,0.06170283630490303,0.0001999509027563903
219,0.013224385989209017,0.8899722695350647,0.06113234721124172,0.00019994529648620487
220,0.014067718603958687,0.877475380897522,0.06065269000828266,0.00019993938728840005
221,0.012778908479958773,0.8858242630958557,0.060945382341742516,0.0001999331751809763
222,0.013771411031484604,0.9123641550540924,0.062228891998529434,0.0001999266601828568
223,0.010307741972307364,0.9438068568706512,0.06348542869091034,0.00019991984231388738
224,0.011126142460852861,0.9036325514316559,0.062148960307240486,0.0001999127215948364
225,0.010206388852869471,0.9173810184001923,0.06246085651218891,0.00019990529804739487
226,0.011849051186194023,0.9211932122707367,0.06253182888031006,0.00019989757169417612
227,0.01190330476189653,0.8964765071868896,0.06205972656607628,0.00019988954255871605
228,0.012483400447914997,0.9382076263427734,0.06353593058884144,0.0001998812106654727
229,0.01803241188948353,0.9541041553020477,0.06390555202960968,0.00019987257603982654
230,0.01716434055318435,0.9331914782524109,0.0630527101457119,0.0001998636387080801
231,0.02223837748169899,0.9237582385540009,0.0625701043754816,0.00019985439869745807
232,0.0233128247782588,0.9342457056045532,0.06257056631147861,0.00019984485603610712
233,0.029471630385766428,0.8975428938865662,0.06184957176446915,0.00019983501075309583
234,0.021607306164999802,0.9115532636642456,0.062171539291739464,0.00019982486287841467
235,0.018786676693707705,0.9088819026947021,0.06189987622201443,0.00019981441244297578
236,0.018522710694621008,0.8964396119117737,0.061831364408135414,0.00019980365947861302
237,0.013125242510189613,0.9358807504177094,0.06295867636799812,0.00019979260401808182
238,0.015031944029033184,0.9311826527118683,0.0629149992018938,0.000199781246095059
239,0.015547546402861675,0.9426763653755188,0.06339066475629807,0.00019976958574414273
240,0.015708559347937506,0.918495774269104,0.06270742788910866,0.00019975762300085252
241,0.014594361651688814,0.9263672530651093,0.0630456805229187,0.00019974535790162894
242,0.013306377455592155,0.92573481798172,0.06309320405125618,0.00019973279048383357
243,0.013615987108399471,0.9339167177677155,0.0630456805229187,0.00019971992078574903
244,0.013806714365879694,0.9295642971992493,0.06299395114183426,0.0001997067488465786
245,0.013071435348441204,0.9106402695178986,0.0624669324606657,0.00019969327470644626
246,0.017003995288784306,0.9239075183868408,0.06268158927559853,0.0001996794984063966
247,0.018991286400705576,0.9444134533405304,0.06320804357528687,0.00019966541998839464
248,0.011972669046372175,0.9327053725719452,0.06310522370040417,0.0001996510394953257
249,0.01082844582075874,0.9000863134860992,0.06240525655448437,0.0001996363569709952
250,0.012336094863712788,0.9005211293697357,0.06244517304003239,0.0001996213724601287
251,0.009902219055220485,0.8949744999408722,0.0623608585447073,0.00019960608600837158
252,0.011700034219150742,0.8991472125053406,0.062330687418580055,0.00019959049766228904
253,0.010275624381999174,0.8969524800777435,0.06229448691010475,0.00019957460746936593
254,0.01109040156006813,0.9005091488361359,0.06224969029426575,0.00019955841547800648
255,0.010307232073197762,0.9281352758407593,0.06287411227822304,0.0001995419217375343
256,0.014020841103047132,0.9513402581214905,0.06388366222381592,0.0001995251262981922
257,0.013863358180969954,0.9381767809391022,0.06301017850637436,0.00019950802921114204
258,0.009824211553980907,0.9403011798858643,0.0632915310561657,0.00019949063052846446
259,0.010480451087156931,0.9228521585464478,0.0628361627459526,0.00019947293030315883
260,0.010529708117246628,0.8997727036476135,0.06196704879403114,0.0001994549285891432
261,0.007420858678718408,0.8838295042514801,0.0616749357432127,0.00019943662544125387
262,0.011200733405227462,0.8871324956417084,0.06150509975850582,0.0001994180209152454
263,0.01208034910572072,0.8946060240268707,0.06161048263311386,0.0001993991150677904
264,0.012931384689485034,0.9079031348228455,0.06223011948168278,0.00019937990795647936
265,0.011627790440494815,0.9060627520084381,0.06203559786081314,0.00019936039963982047
266,0.010618898862351974,0.9005654156208038,0.061745576560497284,0.00019934059017723943
267,0.009487131688122949,0.885728657245636,0.06145068630576134,0.00019932047962907938
268,0.012999799102544785,0.9055624306201935,0.0621027909219265,0.00019930006805660044
269,0.009619087912142277,0.8943709433078766,0.061899714171886444,0.00019927935552197984
270,0.008976996953909596,0.8902239501476288,0.0618333425372839,0.00019925834208831157
271,0.008457157838468751,0.8861497044563293,0.06189906597137451,0.00019923702781960613
272,0.007704486837610602,0.9045052230358124,0.06220535933971405,0.00019921541278079057
273,0.009605855836222569,0.8931078612804413,0.061776453629136086,0.00019919349703770796
274,0.009144025233884653,0.8993622958660126,0.061747582629323006,0.0001991712806571175
275,0.008783439717565974,0.8953937888145447,0.06172199361026287,0.00019914876370669414
276,0.011176597016553083,0.8942455351352692,0.061540164053440094,0.0001991259462550284
277,0.008816560575117668,0.8745575249195099,0.06116604618728161,0.0001991028283716262
278,0.009598314296454191,0.8815247416496277,0.061300504952669144,0.00019907941012690865
279,0.007414017726356785,0.9042305052280426,0.06173866055905819,0.00019905569159221173
280,0.00761233347778519,0.8910741209983826,0.06159581057727337,0.00019903167283978626
281,0.007261823862791061,0.8960511088371277,0.06153016909956932,0.00019900735394279748
282,0.012907148726905385,0.8980981707572937,0.061559610068798065,0.000198982734975325
283,0.014776162647952637,0.9199537336826324,0.06216982193291187,0.00019895781601236248
284,0.014736658815915385,0.9029802978038788,0.06169990077614784,0.00019893259712981735
285,0.01194153307005763,0.9048568606376648,0.061889369040727615,0.00019890707840451073
286,0.011833229567855597,0.9423505365848541,0.06266243383288383,0.0001988812599141771
287,0.009414627760027846,0.9180885851383209,0.06199673190712929,0.000198855141737464
288,0.009531015840669474,0.9047297835350037,0.061609359458088875,0.00019882872395393203
289,0.008349789694572488,0.8896951973438263,0.06131160818040371,0.00019880200664405422
290,0.010073090360189477,0.8735567629337311,0.06110833026468754,0.00019877498988921623
291,0.008847160885731379,0.8746412992477417,0.06081302836537361,0.0001987476737717157
292,0.008984273687625924,0.9052114188671112,0.06155908480286598,0.00019872005837476232
293,0.010360375512391329,0.8979053497314453,0.06135769933462143,0.00019869214378247734
294,0.010290462911749879,0.905552476644516,0.06157045438885689,0.00019866393007989346
295,0.008522148321693143,0.9107116460800171,0.061768461018800735,0.00019863541735295454
296,0.00679652881808579,0.9022603631019592,0.06152332201600075,0.00019860660568851525
297,0.006855496438220143,0.9028207063674927,0.06134799309074879,0.00019857749517434092
298,0.008126568592463931,0.8977368474006653,0.060960302129387856,0.0001985480858991073
299,0.007020562343920271,0.9020079076290131,0.060963574796915054,0.00019851837795240002
300,0.007193823965887229,0.8871037364006042,0.06060849688947201,0.00019848837142471472
301,0.006238941491271059,0.8884653151035309,0.060560062527656555,0.00019845806640745645
302,0.006410479933644335,0.8778056502342224,0.060562219470739365,0.00019842746299293958
303,0.007658906513825059,0.8891716003417969,0.060975296422839165,0.0001983965612743874
304,0.007173474955682953,0.8960385024547577,0.060995956882834435,0.00019836536134593192
305,0.007176714638868968,0.900274395942688,0.06123364716768265,0.0001983338633026135
306,0.006933579764639338,0.8827957212924957,0.06079408526420593,0.00019830206724038066
307,0.006908099167048931,0.8651867806911469,0.06056813709437847,0.0001982699732560897
308,0.011141972538704673,0.8839001059532166,0.06064664572477341,0.00019823758144750454
309,0.006437552239124973,0.8795291185379028,0.060648929327726364,0.00019820489191329615
310,0.0076582002608726425,0.8747177720069885,0.06049603037536144,0.00019817190475304258
311,0.006833276400963466,0.8731680810451508,0.06037154234945774,0.00019813862006722838
312,0.007603041439627607,0.8758970201015472,0.06033574789762497,0.00019810503795724457
313,0.007856770884245634,0.8917103409767151,0.060755159705877304,0.000198071158525388
314,0.008134047190348307,0.8937467038631439,0.061023442074656487,0.00019803698187486132
315,0.007232165740182002,0.8723326027393341,0.060650914907455444,0.00019800250810977257
316,0.006974098971113563,0.877794474363327,0.0606117844581604,0.00019796773733513475
317,0.006894575509553154,0.8749041557312012,0.06058412604033947,0.00019793266965686571
318,0.006422747702648242,0.8899434506893158,0.06105027720332146,0.00019789730518178766
319,0.006447221074874203,0.87445068359375,0.060887809842824936,0.00019786164401762698
320,0.010582177434116602,0.8644633889198303,0.060980914160609245,0.00019782568627301367
321,0.010521217870215574,0.8615333437919617,0.06069564074277878,0.00019778943205748132
322,0.008395583679278692,0.8569105565547943,0.06054087169468403,0.00019775288148146655
323,0.007863447302952409,0.8716727197170258,0.060600847005844116,0.00019771603465630876
324,0.007260191331927975,0.8944891393184662,0.06124559976160526,0.00019767889169424973
325,0.006864428830643495,0.8881231248378754,0.06084496155381203,0.00019764145270843338
326,0.006583643689130743,0.8807965219020844,0.060406267642974854,0.0001976037178129054
327,0.006300222671901186,0.8852156102657318,0.060457270592451096,0.00019756568712261274
328,0.006106379519527157,0.8732863068580627,0.0603322833776474,0.00019752736075340354
329,0.006637947944303353,0.8931539058685303,0.06071786396205425,0.00019748873882202657
330,0.006080878044789036,0.8938168883323669,0.060860950499773026,0.00019744982144613094
331,0.007273590036978324,0.906792163848877,0.06109589897096157,0.00019741060874426566
332,0.007319650379940867,0.8976944983005524,0.0606977716088295,0.00019737110083587945
333,0.006410059053450823,0.8909279704093933,0.060678575187921524,0.0001973312978413203
334,0.005960937046135466,0.8942600786685944,0.060825688764452934,0.00019729119988183498
335,0.006223807266602914,0.9000210165977478,0.06104370579123497,0.00019725080707956884
336,0.005808751642083128,0.887021392583847,0.06075856648385525,0.00019721011955756536
337,0.005487183031315605,0.8841190040111542,0.06081926077604294,0.00019716913743976578
338,0.005181122416009505,0.9112995564937592,0.06140335835516453,0.0001971278608510088
339,0.006385977690418561,0.9072076678276062,0.06135145202279091,0.00019708628991703
340,0.005127113428898156,0.8949543237686157,0.06119183450937271,0.00019704442476446165
341,0.005502473136099677,0.8913505375385284,0.06107453443109989,0.0001970022655208323
342,0.005664299475029111,0.8768062889575958,0.06061444245278835,0.00019695981231456633
343,0.007172564665476481,0.8756762444972992,0.060692835599184036,0.0001969170652749835
344,0.005693127866834402,0.8811537027359009,0.060890182852745056,0.0001968740245322988
345,0.0063623579529424506,0.879377007484436,0.06094299629330635,0.00019683069021762174
346,0.006369155210753282,0.865171879529953,0.060452258214354515,0.00019678706246295617
347,0.006597935687750578,0.8615284562110901,0.060144029557704926,0.00019674314140119976
348,0.006769461324438453,0.8732489943504333,0.06034991145133972,0.00019669892716614373
349,0.008059756907944879,0.8948708474636078,0.06089772284030914,0.0001966544198924723
350,0.006715105846524239,0.8833991587162018,0.06046648137271404,0.00019660961971576228
351,0.006272582182039817,0.8607542514801025,0.0602070577442646,0.0001965645267724829
352,0.006647017318755388,0.8739782273769379,0.0602659247815609,0.000196519141199995
353,0.00585277727805078,0.8810129761695862,0.060401471331715584,0.0001964734631365509
354,0.006198613128314416,0.8957931697368622,0.06057113967835903,0.00019642749272129396
355,0.006080322976534565,0.906300961971283,0.061162713915109634,0.000196381230094258
356,0.005530548204357426,0.8971351683139801,0.06089882738888264,0.000196334675396367
357,0.005734459186593692,0.8966408967971802,0.06080738455057144,0.00019628782876943466
358,0.006069637058923642,0.9084256887435913,0.06129785068333149,0.0001962406903561639
359,0.0057916108053177595,0.9161265790462494,0.0615275576710701,0.00019619326030014653
360,0.007260824320837855,0.8886075615882874,0.06094409339129925,0.00019614553874586273
361,0.006441786730041106,0.8735707998275757,0.060527630150318146,0.00019609752583868065
362,0.006902915503208836,0.8773162662982941,0.06039699167013168,0.00019604922172485585
363,0.008149652431408564,0.8735820055007935,0.06024494022130966,0.0001960006265515311
364,0.00706639769487083,0.8676658868789673,0.06030253320932388,0.00019595174046673573
365,0.007627795683220029,0.8670048415660858,0.060110509395599365,0.0001959025636193852
366,0.007620126862699787,0.8643262386322021,0.06017901562154293,0.00019585309615928074
367,0.011207248161857327,0.8545384407043457,0.059777818620204926,0.00019580333823710885
368,0.007768635094786684,0.8649750649929047,0.059895437210798264,0.0001957532900044407
369,0.008340324818467101,0.8750057816505432,0.0600560512393713,0.00019570295161373195
370,0.00693180652645727,0.8673759996891022,0.060091692954301834,0.00019565232321832205
371,0.0065632475695262356,0.8624660074710846,0.060239288955926895,0.00019560140497243384
372,0.006494634551927447,0.8576915264129639,0.060057949274778366,0.00019555019703117318
373,0.0070075285620987415,0.8511504232883453,0.05992837809026241,0.00019549869955052838
374,0.006379941323151191,0.8603323996067047,0.06042865663766861,0.00019544691268736955
375,0.005379830952733755,0.8651720285415649,0.060536960139870644,0.0001953948365994486
376,0.005941328980649511,0.8724094331264496,0.060837870463728905,0.00019534247144539822
377,0.005515402105326454,0.8885315954685211,0.061095407232642174,0.00019528981738473183
378,0.005132191465236247,0.8795888423919678,0.06078094430267811,0.0001952368745778428
379,0.0058355497506757574,0.8842583000659943,0.06083506904542446,0.0001951836431860041
380,0.005857443204149604,0.8836183547973633,0.060872338712215424,0.0001951301233713678
381,0.005923441650035481,0.8833814561367035,0.06081094220280647,0.00019507631529696448
382,0.005389556055888534,0.8834874331951141,0.06062949076294899,0.0001950222191267029
383,0.005129538592882454,0.8723565340042114,0.06034337729215622,0.00019496783502536945
384,0.005959258026753862,0.8836967051029205,0.060809431597590446,0.0001949131631586274
385,0.005034916801378131,0.8850440979003906,0.060963839292526245,0.00019485820369301684
386,0.004935791910005112,0.884149581193924,0.061154190450906754,0.0001948029567959538
387,0.005784684171279271,0.9005876779556274,0.06153135001659393,0.00019474742263572988
388,0.006112038080270092,0.8877816200256348,0.06113881431519985,0.0001946916013815118
389,0.004998094285838306,0.8845422565937042,0.06084260903298855,0.00019463549320334077
390,0.006131747116645177,0.8922098875045776,0.06104393117129803,0.00019457909827213206
391,0.00651233068977793,0.8864873349666595,0.061037858948111534,0.00019452241675967433
392,0.005866336985491216,0.8820821344852448,0.061124250292778015,0.00019446544883862938
393,0.00667029875330627,0.8929798305034637,0.0611292477697134,0.00019440819468253135
394,0.007641377237935861,0.8900454342365265,0.06105702929198742,0.0001943506544657863
395,0.008215868845582008,0.871557354927063,0.06075306609272957,0.00019429282836367178
396,0.009462380936990181,0.8824251890182495,0.06095011159777641,0.00019423471655233602
397,0.007615830671663086,0.8919413089752197,0.06134963408112526,0.00019417631920879777
398,0.008835312987988194,0.9061095416545868,0.06137369945645332,0.00019411763651094546
399,0.00815545798589786,0.8877212703227997,0.06103426031768322,0.0001940586686375367
400,0.0074632312171161175,0.8679303526878357,0.0605592243373394,0.0001939994157681979
401,0.005994340094427268,0.8783102929592133,0.060872526839375496,0.00019393987808342356
402,0.006314882698158423,0.8858840763568878,0.060922589153051376,0.00019388005576457583
403,0.0074589326201627655,0.8901567161083221,0.06102300435304642,0.00019381994899388382
404,0.005693165663008888,0.8680239021778107,0.06034876964986324,0.00019375955795444323
405,0.006071769632399082,0.8651804625988007,0.06027732789516449,0.00019369888283021558
406,0.0061765003483742476,0.8778969347476959,0.06050001084804535,0.00019363792380602785
407,0.006931716809049249,0.9051797389984131,0.06136406399309635,0.00019357668106757182
408,0.006294232094660401,0.8968563973903656,0.061178695410490036,0.00019351515480140345
409,0.007163280388340354,0.8901308476924896,0.06110813468694687,0.00019345334519494243
410,0.005748340083907048,0.8859586119651794,0.06080375611782074,0.00019339125243647158
411,0.006966668181121349,0.8823214173316956,0.060902347788214684,0.0001933288767151362
412,0.006067258461068074,0.8776887953281403,0.06082305498421192,0.00019326621822094347
413,0.006387121897811691,0.8770374059677124,0.06064755655825138,0.00019320327714476214
414,0.005271187983453274,0.8748815953731537,0.06051041930913925,0.0001931400536783216
415,0.005684298501970868,0.9022225737571716,0.061265913769602776,0.00019307654801421146
416,0.005526776115099589,0.9200674295425415,0.06187937408685684,0.000193012760345881
417,0.006544927057499687,0.9201587736606598,0.061729876324534416,0.0001929486908676386
418,0.004871115864564975,0.8868581354618073,0.060698240995407104,0.0001928843397746509
419,0.005428462677324812,0.8658147156238556,0.06025160104036331,0.00019281970726294255
420,0.005767867822820942,0.865864098072052,0.06014940142631531,0.00019275479352939536
421,0.006709491989264886,0.8744386434555054,0.0604803953319788,0.00019268959877174783
422,0.0071982463511327905,0.8835426867008209,0.06070082634687424,0.0001926241231885945
423,0.0068320912929872675,0.8883802592754364,0.06073501333594322,0.00019255836697938534
424,0.005838998515779774,0.9028940796852112,0.061062877997756004,0.00019249233034442518
425,0.005304967286065221,0.9061519503593445,0.06128685548901558,0.00019242601348487304
426,0.004927182570099831,0.8931811153888702,0.06084759905934334,0.0001923594166027416
427,0.005566489960377415,0.8907389640808105,0.060711346566677094,0.0001922925399008965
428,0.0057405017626782255,0.8686874806880951,0.059908486902713776,0.0001922253835830558
429,0.006666049050788085,0.8687530755996704,0.05993996188044548,0.00019215794785378928
430,0.007365335322295626,0.8614197075366974,0.0597184244543314,0.00019209023291851785
431,0.007074601715430617,0.8786138892173767,0.06014042906463146,0.0001920222389835129
432,0.005672822939231992,0.8764258623123169,0.06033901125192642,0.00019195396625589582
433,0.004651941281432907,0.8789583146572113,0.06039111874997616,0.00019188541494363719
434,0.005134021669315795,0.8731862306594849,0.0603156853467226,0.00019181658525555613
435,0.0051854011447479325,0.8818745017051697,0.06026947870850563,0.00019174747740131984
436,0.004884246503934264,0.8739154040813446,0.0601509902626276,0.00019167809159144285
437,0.004809239646419883,0.8630201816558838,0.05997987650334835,0.00019160842803728635
438,0.004556513080994288,0.8636156916618347,0.05995343066751957,0.00019153848695105757
439,0.004603465941424171,0.8842673599720001,0.060403747484087944,0.00019146826854580924
440,0.005876218822474281,0.8928153216838837,0.060691144317388535,0.00019139777303543877
441,0.0048705460503697395,0.8675822913646698,0.06013064831495285,0.00019132700063468778
442,0.005024924059398472,0.8653514385223389,0.06027868017554283,0.00019125595155914117
443,0.004566974317034085,0.875059187412262,0.06059892103075981,0.0001911846260252268
444,0.005425148643553257,0.8866636157035828,0.06081959418952465,0.00019111302425021463
445,0.005049791264658173,0.8842951357364655,0.06074322573840618,0.00019104114645221605
446,0.006115262784684698,0.8843373656272888,0.0607133936136961,0.00019096899285018333
447,0.006213316461071372,0.8777326345443726,0.06040680594742298,0.00019089656366390884
448,0.006412467298408349,0.886159211397171,0.06064832583069801,0.00019082385911402443
449,0.005903759195158879,0.8778882920742035,0.06045817956328392,0.00019075087942200077
450,0.005181040071571867,0.8780622184276581,0.060412826016545296,0.0001906776248101467
451,0.004059725130597751,0.8763487040996552,0.06050104461610317,0.0001906040955016084
452,0.004472666187211871,0.8744726479053497,0.06051669269800186,0.00019053029172036895
453,0.0043333588012804585,0.8678087294101715,0.06040760315954685,0.00019045621369124746
454,0.004196607197324435,0.8687552511692047,0.06036812625825405,0.00019038186163989845
455,0.0045830671054621535,0.855473667383194,0.05999945104122162,0.00019030723579281116
456,0.005454792291857302,0.8761295676231384,0.06056453287601471,0.00019023233637730885
457,0.0057944922397534055,0.8860333859920502,0.06089347042143345,0.00019015716362154813
458,0.004791811457835138,0.8745254278182983,0.060519030317664146,0.00019008171775451827
459,0.004938740942937632,0.8668763339519501,0.06035355478525162,0.00019000599900604044
460,0.0043557498914500075,0.8627543449401855,0.06016820855438709,0.00018993000760676712
461,0.004368249676190317,0.8673656582832336,0.060387130826711655,0.00018985374378818125
462,0.004234259249642491,0.8749273419380188,0.0603502131998539,0.00018977720778259568
463,0.004925056709907949,0.8624600768089294,0.06022380478680134,0.00018970039982315235
464,0.0058241416700184345,0.8749603033065796,0.060362957417964935,0.0001896233201438216
465,0.005020736716687679,0.8874791860580444,0.06078163906931877,0.00018954596897940152
466,0.004668654718746741,0.8830280900001526,0.0608415100723505,0.00018946834656551712
467,0.003796457351806263,0.8718792200088501,0.0604849923402071,0.00018939045313861984
468,0.004831070235619943,0.8831764161586761,0.0606613103300333,0.0001893122889359865
469,0.004043221667719384,0.8839392066001892,0.06061515770852566,0.00018923385419571882
470,0.004165897611528635,0.8875746428966522,0.06058431416749954,0.0001891551491567426
471,0.004730515880510211,0.9022480249404907,0.0610116571187973,0.0001890761740588071
472,0.004467347365183135,0.9011329412460327,0.060956669971346855,0.00018899692914248412
473,0.005069228626477222,0.9121179282665253,0.061188315972685814,0.0001889174146491674
474,0.006180094011748831,0.8911815583705902,0.06050539202988148,0.00018883763082107194
475,0.006311210958908002,0.8727920055389404,0.06030900217592716,0.00018875757790123306
476,0.006171521653110783,0.8681650459766388,0.060286225751042366,0.00018867725613350587
477,0.005614301034559806,0.8726670444011688,0.06026047095656395,0.0001885966657625644
478,0.004961872473359108,0.8717745840549469,0.06014843471348286,0.00018851580703390085
479,0.0055402278279264765,0.8741120994091034,0.05997467786073685,0.00018843468019382503
480,0.004892268101684749,0.8860864639282227,0.06027223728597164,0.00018835328548946325
481,0.008193303986142078,0.8730814456939697,0.060109902173280716,0.00018827162316875794
482,0.007655616383999586,0.8667506575584412,0.06014822609722614,0.00018818969348046672
483,0.00558176605651776,0.86759352684021,0.060132572427392006,0.00018810749667416162
484,0.005660433555021882,0.884097546339035,0.06036431901156902,0.00018802503300022837
485,0.005126166079814236,0.8699995577335358,0.06015362776815891,0.00018794230270986555
486,0.00491120433434844,0.8720287978649139,0.06050783209502697,0.00018785930605508407
487,0.00605991556464384,0.8748982846736908,0.06042139790952206,0.0001877760432887061
488,0.006160505038375656,0.8696412742137909,0.0605589896440506,0.00018769251466436442
489,0.005625821727638443,0.8602441549301147,0.06067074090242386,0.0001876087204365018
490,0.008828986048077544,0.8561303615570068,0.06027545593678951,0.00018752466086036988
491,0.006548214005306363,0.8813287019729614,0.06086988002061844,0.00018744033619202881
492,0.0055484392602617545,0.8774057626724243,0.06069782376289368,0.00018735574668834608
493,0.005109516826147835,0.8733778297901154,0.06058354489505291,0.000187270892606996
494,0.004278656599732737,0.8834608495235443,0.06066254898905754,0.00018718577420645885
495,0.004386373097077012,0.8839001655578613,0.06061842665076256,0.00018710039174602003
496,0.004431898278805117,0.8811130523681641,0.06052339822053909,0.0001870147454857693
497,0.00417165644466877,0.8994354605674744,0.06095583550632,0.00018692883568660005
498,0.006185706394414107,0.8835735023021698,0.06074271909892559,0.0001868426626102084
499,0.0057557982703049975,0.8985482454299927,0.06127597391605377,0.0001867562265190925
500,0.005280248976002137,0.8661870062351227,0.06072797067463398,0.00018666952767655166
501,0.0042370237642899156,0.8638232946395874,0.06069527566432953,0.0001865825663466856
502,0.004586509273697932,0.8634237945079803,0.06079446151852608,0.00018649534279439363
503,0.004238266226214667,0.8725833594799042,0.0608483050018549,0.0001864078572853738
504,0.004490968654863536,0.8800936043262482,0.06079738400876522,0.00018632011008612212
505,0.005394295362445216,0.8992435038089752,0.061223944649100304,0.00018623210146393184
506,0.007764743951459725,0.86586594581604,0.06049053743481636,0.0001861438316868924
507,0.006716870159531633,0.853061705827713,0.060298191383481026,0.00018605530102388891
508,0.005183173110708594,0.8588031232357025,0.06057872250676155,0.00018596650974460113
509,0.004341084781723718,0.8630374372005463,0.060305410996079445,0.00018587745811950266
510,0.004068202261502544,0.88460972905159,0.060975244268774986,0.0001857881464198602
511,0.0044198582181707025,0.8828202188014984,0.06103111617267132,0.00018569857491773265
512,0.004135034823169311,0.8864012956619263,0.061024200171232224,0.00018560874388597043
513,0.003808827605098486,0.8711906969547272,0.060789188370108604,0.00018551865359821436
514,0.003954373688126604,0.8780832886695862,0.060786208137869835,0.00018542830432889508
515,0.0042702060503264265,0.8615268170833588,0.060589782893657684,0.00018533769635323217
516,0.004217036766931415,0.8559571206569672,0.060420241206884384,0.00018524682994723325
517,0.003401003312319517,0.8512545526027679,0.060083866119384766,0.0001851557053876931
518,0.0037829583743587136,0.8599202334880829,0.06021091155707836,0.00018506432295219299
519,0.0033193203465392194,0.8730117380619049,0.060490287840366364,0.0001849726829190996
520,0.004543510420868794,0.8531817197799683,0.06000245735049248,0.00018488078556756437
521,0.0035549655246237912,0.8690331876277924,0.060496069490909576,0.00018478863117752268
522,0.004557706997729838,0.8692805171012878,0.060492103919386864,0.00018469622002969263
523,0.0043909577652812,0.8886013627052307,0.0607642475515604,0.00018460355240557471
524,0.00474460000017037,0.8708392679691315,0.060257965698838234,0.00018451062858745052
525,0.0036931312642991543,0.8671627044677734,0.060244498774409294,0.00018441744885838214
526,0.003975596356516083,0.8700256943702698,0.06027144193649292,0.00018432401350221118
527,0.003768852368618051,0.8650357127189636,0.06008715182542801,0.000184230322803558
528,0.003619633886652688,0.8543598651885986,0.059755658730864525,0.0001841363770478206
529,0.004416192648932338,0.8651740550994873,0.06005017086863518,0.00018404217652117413
530,0.004187928163446486,0.8628928363323212,0.05999342352151871,0.0001839477215105697
531,0.0044037751310194535,0.8628023564815521,0.06003950163722038,0.00018385301230373365
532,0.004657721108136077,0.8697750270366669,0.060073019936680794,0.0001837580491891667
533,0.005070169068252047,0.8861583173274994,0.06052437797188759,0.0001836628324561429
534,0.004906486176575224,0.8667957484722137,0.059979844838380814,0.00018356736239470895
535,0.004506087241073449,0.8485527634620667,0.05982453003525734,0.00018347163929568322
536,0.004407420366381605,0.854416698217392,0.05988907627761364,0.0001833756634506549
537,0.003931338510786493,0.8502787351608276,0.060066862031817436,0.00018327943515198303
538,0.004699778704283138,0.849908322095871,0.06017903797328472,0.00018318295469279568
539,0.004451731258692841,0.8594667315483093,0.060461461544036865,0.00018308622236698908
540,0.003708252877307435,0.8740425705909729,0.06076282449066639,0.00018298923846922664
541,0.004236217821016908,0.8696115016937256,0.06067563593387604,0.0001828920032949382
542,0.003747418290004134,0.8653526604175568,0.06048710457980633,0.0001827945171403189
543,0.004544023463192086,0.8662778735160828,0.06051095202565193,0.00018269678030232852
544,0.004580282062912981,0.8641169369220734,0.06059692241251469,0.00018259879307869036
545,0.004686927500491341,0.8723052740097046,0.060725074261426926,0.00018250055576789055
546,0.004149568150751293,0.8751883506774902,0.06074471026659012,0.00018240206866917697
547,0.004211326944641769,0.8707938492298126,0.060498496517539024,0.0001823033320825584
548,0.00450826995074749,0.8724267184734344,0.06042163819074631,0.00018220434630880357
549,0.004104329311909775,0.8655126392841339,0.06034560687839985,0.00018210511164944035
550,0.0038653286173939705,0.8615914881229401,0.06023453362286091,0.0001820056284067547
551,0.004041942302137613,0.8661427795886993,0.06047051399946213,0.00018190589688378984
552,0.0055204986517007155,0.8682134449481964,0.060218021273612976,0.00018180591738434527
553,0.004819456449088951,0.869114100933075,0.06021844036877155,0.00018170569021297593
554,0.004269689049882193,0.877998411655426,0.06046658009290695,0.00018160521567499115
555,0.0059027002813915415,0.8813437819480896,0.06063685193657875,0.00018150449407645377
556,0.004046105818512539,0.8757193982601166,0.06037610210478306,0.00018140352572417926
557,0.004094748680169384,0.8632799088954926,0.06001093611121178,0.00018130231092573472
558,0.004358979562918345,0.853747695684433,0.05981336534023285,0.000181200849989438
559,0.00432853940098236,0.8610510230064392,0.05997910909354687,0.0001810991432243567
560,0.00423521672685941,0.8940466940402985,0.0607406385242939,0.00018099719094030728
561,0.0034531137983625135,0.8810805082321167,0.06055287830531597,0.00018089499344785403
562,0.004735213432771464,0.8909248411655426,0.06073307991027832,0.00018079255105830832
563,0.0060920741719504195,0.8860706984996796,0.0606399942189455,0.00018068986408372733
564,0.005139459700634082,0.8698340654373169,0.06021672300994396,0.00018058693283691345
565,0.004675585854177673,0.8663043081760406,0.060112280771136284,0.00018048375763141312
566,0.004051207603576283,0.856673002243042,0.05970565788447857,0.00018038033878151592
567,0.0041957560849065585,0.8690908551216125,0.059749871492385864,0.00018027667660225355
568,0.0037222889562447867,0.8765036761760712,0.05972542613744736,0.000180172771409399
569,0.0038259015806640186,0.8624740540981293,0.05964614078402519,0.00018006862351946552
570,0.0035179254288474717,0.8607067465782166,0.059859780594706535,0.00017996423324970564
571,0.0047888304106891155,0.8484614491462708,0.05958373658359051,0.00017985960091811026
572,0.004545378964394331,0.8606728613376617,0.059600867331027985,0.00017975472684340752
573,0.003645603700230519,0.8618329465389252,0.05967158451676369,0.00017964961134506213
574,0.0038057302202408514,0.8505314290523529,0.05982131510972977,0.00017954425474327412
575,0.004205337027087808,0.8540005683898926,0.05991237796843052,0.0001794386573589779
576,0.003828341878640155,0.8662629723548889,0.06008650362491608,0.00017933281951384148
577,0.0038930183897415795,0.8727851510047913,0.06001120246946812,0.00017922674153026527
578,0.00465442577842623,0.9067517220973969,0.06085819751024246,0.0001791204237313812
579,0.00534419195416073,0.8878816962242126,0.06050800159573555,0.00017901386644105175
580,0.005286602070555091,0.8732244372367859,0.0600861981511116,0.00017890706998386884
581,0.004206292408828934,0.862890362739563,0.05979540944099426,0.0001788000346851531
582,0.0038466244392717877,0.8653847575187683,0.05983435921370983,0.0001786927608709525
583,0.003856360213831067,0.8633531928062439,0.05983497016131878,0.00017858524886804175
584,0.0039026429100582996,0.8631609380245209,0.05963577702641487,0.00017847749900392108
585,0.0034875704053168497,0.8589779138565063,0.0597935076802969,0.00017836951160681518
586,0.00450103481610616,0.8780404627323151,0.06024785339832306,0.00017826128700567246
587,0.0042883711867034435,0.8802690207958221,0.06044153496623039,0.0001781528255301638
588,0.004187804840815564,0.8687325119972229,0.06020955555140972,0.0001780441275106817
589,0.0038569458993151784,0.8589593768119812,0.05988886021077633,0.0001779351932783391
590,0.004431276194130381,0.8650841414928436,0.06032615900039673,0.0001778260231649686
591,0.0038874857127666473,0.8871565461158752,0.060963865369558334,0.00017771661750312133
592,0.0034632234601303935,0.8690463304519653,0.06053551658987999,0.00017760697662606587
593,0.0038302399528523288,0.888040155172348,0.060838643461465836,0.0001774971008677874
594,0.00507250870577991,0.9025715887546539,0.061326948925852776,0.00017738699056298643
595,0.007667053684902688,0.8808364570140839,0.06063215248286724,0.00017727664604707814
596,0.007116999787588914,0.8620894253253937,0.06013372913002968,0.00017716606765619104
597,0.005220968082236747,0.8681590557098389,0.06001796945929527,0.00017705525572716608
598,0.004779158315310876,0.877472311258316,0.06021394766867161,0.0001769442105975556
599,0.00521616005183508,0.879407525062561,0.06024944595992565,0.00017683293260562234
600,0.004232572391629219,0.8676050305366516,0.059807391837239265,0.0001767214220903383
601,0.004246065587115784,0.8557164371013641,0.05958837829530239,0.000176609679391384
602,0.004166367502572636,0.8775378465652466,0.060434138402342796,0.00017649770484914692
603,0.00433425201723973,0.8814871907234192,0.06070522777736187,0.00017638549880472098
604,0.005819909468603631,0.8934572041034698,0.06102185137569904,0.0001762730615999053
605,0.005788050203894575,0.8479622602462769,0.05979371815919876,0.0001761603935772031
606,0.005519496665025751,0.8469590842723846,0.06009919010102749,0.00017604749507982065
607,0.005636726467249294,0.8558539748191833,0.05998724512755871,0.00017593436645166642
608,0.005418739203984539,0.8484396934509277,0.05971851199865341,0.00017582100803734978
609,0.00462924634727339,0.8660384714603424,0.05998554453253746,0.00017570742018218014
610,0.005501995328813791,0.8417140543460846,0.059441938996315,0.00017559360323216584
611,0.005561026046052575,0.8463147282600403,0.059759095311164856,0.000175479557534013
612,0.0047732707268248005,0.8489435017108917,0.059925178065896034,0.00017536528343512457
613,0.004408473692213495,0.8604264855384827,0.05984336882829666,0.00017525078128359937
614,0.003992528227778773,0.8787769079208374,0.06027664989233017,0.00017513605142823073
615,0.0037579462320233383,0.8895238041877747,0.06064610742032528,0.00017502109421850575
616,0.004442317721744378,0.8594632148742676,0.05964673310518265,0.00017490591000460395
617,0.004042371913480262,0.866186112165451,0.05987163446843624,0.00017479049913739645
618,0.004113376839086413,0.8420181274414062,0.05926012434065342,0.0001746748619684448
619,0.004703022035149236,0.8458348214626312,0.059474214911460876,0.00017455899884999984
620,0.0040603914530947804,0.8448699414730072,0.05968898721039295,0.00017444291013500072
621,0.004941270919516683,0.8326751291751862,0.059125229716300964,0.00017432659617707384
622,0.004480333998799324,0.8556209802627563,0.05968601442873478,0.00017421005733053163
623,0.004942970311579605,0.8399998843669891,0.05913310870528221,0.0001740932939503717
624,0.00544731932071348,0.8460184037685394,0.059358466416597366,0.00017397630639227546
625,0.004761864198371768,0.8540582656860352,0.059621721506118774,0.00017385909501260735
626,0.004866474230463306,0.8543639481067657,0.05968131124973297,0.0001737416601684136
627,0.0037256773406018815,0.8468751311302185,0.059510981664061546,0.000173624002217421
628,0.0039037868458156786,0.8371282815933228,0.05909128673374653,0.0001735061215180362
629,0.003527154951977233,0.8540513515472412,0.059774311259388924,0.0001733880184293442
630,0.004309002077206969,0.8579652607440948,0.059991685673594475,0.00017326969331110746
631,0.005082054374118646,0.8485304713249207,0.05954117514193058,0.00017315114652376488
632,0.004050757774772744,0.8404000997543335,0.05930900759994984,0.00017303237842843046
633,0.0043531480090071755,0.8400464653968811,0.059367021545767784,0.00017291338938689246
634,0.005247117020189762,0.8644730150699615,0.059826966375112534,0.0001727941797616121
635,0.004061606208172937,0.8606239259243011,0.059918882325291634,0.0001726747499157226
636,0.004838689773653944,0.8459654450416565,0.05951431207358837,0.00017255510021302805
637,0.005366758326999843,0.8578424155712128,0.05990629456937313,0.00017243523101800204
638,0.005056831326025228,0.843715101480484,0.0595363974571228,0.00017231514269578705
639,0.0047363210857535405,0.8781949579715729,0.060657767578959465,0.00017219483561219288
640,0.0049462592384467525,0.8864608407020569,0.06087598204612732,0.0001720743101336958
641,0.005378684417034189,0.8726361393928528,0.06020231731235981,0.0001719535666274373
642,0.00516677360671262,0.8509827256202698,0.05960042588412762,0.00017183260546122303
643,0.004992463742382824,0.8443385660648346,0.05949639901518822,0.00017171142700352172
644,0.003827714128419757,0.8482958376407623,0.05969101935625076,0.00017159003162346394
645,0.003488758113235235,0.8508376479148865,0.059646621346473694,0.0001714684196908411
646,0.0034205104845265546,0.8593611419200897,0.05973176285624504,0.00017134659157610417
647,0.0027656644427527985,0.8531230986118317,0.059622760862112045,0.00017122454765036276
648,0.004566684442882736,0.8700277507305145,0.0601101852953434,0.00017110228828538384
649,0.005010343544806044,0.8657832741737366,0.060003336519002914,0.00017097981385359064
650,0.003997157405441006,0.8589861989021301,0.05998368747532368,0.0001708571247280615
651,0.004826536208080749,0.8365567922592163,0.05940606817603111,0.00017073422128252878
652,0.003697992768138647,0.8483226001262665,0.05977873131632805,0.0001706111038913777
653,0.0036448338457072773,0.8568021655082703,0.059750255197286606,0.00017048777292964516
654,0.0034984357189387083,0.8677781820297241,0.059967365115880966,0.00017036422877301867
655,0.003294118447229266,0.8524015843868256,0.05970173887908459,0.00017024047179783517
656,0.003416112197252611,0.8476055562496185,0.059742799028754234,0.00017011650238107987
657,0.0036263032040248313,0.8608037531375885,0.05986987240612507,0.0001699923209003851
658,0.004062153825846811,0.895508885383606,0.060635991394519806,0.0001698679277340292
659,0.005717421338583033,0.867002934217453,0.05991550534963608,0.00016974332326093528
660,0.006577748533648749,0.8634735941886902,0.059968845918774605,0.00016961850786067023
661,0.006160137398789327,0.8504132628440857,0.05951943062245846,0.0001694934819134434
662,0.004891805195560058,0.856727808713913,0.05976155959069729,0.00016936824580010548
663,0.004563663193645577,0.8652558326721191,0.060077106580138206,0.0001692427999021474
664,0.004457448027096689,0.8478074669837952,0.05976299196481705,0.00016911714460169915
665,0.003949208029856284,0.8506932258605957,0.0598563626408577,0.00016899128028152852
666,0.004083951624731223,0.8469361960887909,0.05973677523434162,0.0001688652073250401
667,0.004184964578598738,0.8954845368862152,0.06097577325999737,0.00016873892611627396
668,0.005161828710697591,0.8946802914142609,0.060896286740899086,0.00016861243703990454
669,0.004191240877844393,0.887662410736084,0.060425298288464546,0.00016848574048123954
670,0.004685790200407307,0.8566880226135254,0.059620268642902374,0.0001683588368262186
671,0.004088234738446772,0.8506400883197784,0.059504613280296326,0.00016823172646141234
672,0.004560467748281856,0.8604483902454376,0.0597949493676424,0.00016810440977402092
673,0.005050272952454786,0.8582408428192139,0.059475261718034744,0.00016797688715187306
674,0.005552710305588941,0.8753152787685394,0.059990907087922096,0.00016784915898342476
675,0.005114931690817078,0.8590037822723389,0.05957691930234432,0.0001677212256577582
676,0.005339655986366172,0.885068416595459,0.06045542284846306,0.00016759308756458048
677,0.0047012584982439876,0.8812981247901917,0.06058908998966217,0.00016746474509422244
678,0.004197402702023585,0.8669030368328094,0.06023492477834225,0.00016733619863763753
679,0.00384526412623624,0.8673112988471985,0.06012199446558952,0.0001672074485864005
680,0.003756818206359943,0.8500589430332184,0.05968872271478176,0.0001670784953327064
681,0.0037915036470318833,0.8745552897453308,0.06052594631910324,0.00016694933926936917
682,0.0036000817393263182,0.8789030909538269,0.060602910816669464,0.00016681998078982052
683,0.003759301772030691,0.8607381284236908,0.060175731778144836,0.0001666904202881089
684,0.003264627380607029,0.8629087507724762,0.060314642265439034,0.00016656065815889805
685,0.0032704365827764073,0.8664671778678894,0.06022295355796814,0.0001664306947974659
686,0.0029557186256473265,0.8743087351322174,0.06036521680653095,0.00016630053059970337
687,0.004024786098549764,0.8730556964874268,0.06032283790409565,0.00016617016596211324
688,0.003293380180063347,0.8832712471485138,0.060761814936995506,0.0001660396012818087
689,0.003173776358986894,0.8792401552200317,0.06056409329175949,0.00016590883695651254
690,0.0030683243724827967,0.8699061572551727,0.060518208891153336,0.00016577787338455547
691,0.004109111071253817,0.864007443189621,0.060305915772914886,0.0001656467109648753
692,0.0033266571505616107,0.8754589855670929,0.060586366802453995,0.0001655153500970155
693,0.004135701262081663,0.8818822503089905,0.060746537521481514,0.00016538379118112405
694,0.0036872304044663906,0.8656376898288727,0.060238394886255264,0.00016525203461795218
695,0.004638489296970268,0.8608033359050751,0.06031389348208904,0.00016512008080885325
696,0.004034450277686119,0.8524040281772614,0.05996471457183361,0.00016498793015578154
697,0.0047603433874125285,0.8647452592849731,0.060133038088679314,0.00016485558306129076
698,0.0038931291783228517,0.8891373574733734,0.06067511811852455,0.00016472303992853308
699,0.0029227581107988954,0.8624539971351624,0.06007436662912369,0.00016459030116125798
700,0.0032671266235411167,0.857202410697937,0.05977828614413738,0.00016445736716381065
701,0.003787339781410992,0.8535574674606323,0.05959685146808624,0.00016432423834113124
702,0.0037031888496130705,0.844911128282547,0.05947110988199711,0.00016419091509875308
703,0.00400826649274677,0.8342103660106659,0.059269096702337265,0.00016405739784280197
704,0.00397557788528502,0.8379985690116882,0.059436751529574394,0.00016392368697999463
705,0.005307341382528345,0.8357787132263184,0.059200022369623184,0.00016378978291763753
706,0.0043517133841911955,0.8586804866790771,0.05977335013449192,0.00016365568606362563
707,0.004949592403136194,0.8627872467041016,0.05963161215186119,0.00016352139682644125
708,0.003384479864810904,0.8642488718032837,0.059642767533659935,0.00016338691561515266
709,0.0033549399813637137,0.8585628569126129,0.05939675122499466,0.000163252242839413
710,0.003486695932224393,0.8535737693309784,0.05940057523548603,0.00016311737890945883
711,0.003340202112061282,0.8598757386207581,0.05954396910965443,0.00016298232423610915
712,0.0030024013249203563,0.8402552902698517,0.059140633791685104,0.00016284707923076383
713,0.003423916369987031,0.8695631623268127,0.059996472671628,0.00016271164430540269
714,0.003119666090545555,0.8562708497047424,0.05971151776611805,0.00016257601987258394
715,0.003613153239712119,0.862633228302002,0.059862034395337105,0.00016244020634544317
716,0.0032240205133954682,0.8660202920436859,0.05989677086472511,0.00016230420413769188
717,0.003384712035767734,0.8620063960552216,0.05978471785783768,0.00016216801366361646
718,0.0035963946332534156,0.8653314411640167,0.05976877920329571,0.00016203163533807664
719,0.004016473035638531,0.8438977003097534,0.059343306347727776,0.0001618950695765045
720,0.004017791051107149,0.8415402173995972,0.05946743302047253,0.000161758316794903
721,0.0038240901194512844,0.8541258573532104,0.059755800291895866,0.00016162137740984486
722,0.004382078497049709,0.8571175038814545,0.05958063341677189,0.00016148425183847118
723,0.004177044378593564,0.8613521456718445,0.05982700549066067,0.00016134694049849021
724,0.004471051351477702,0.866649329662323,0.059928908944129944,0.00016120944380817616
725,0.005157688865438104,0.87099489569664,0.06006934121251106,0.00016107176218636772
726,0.00607247573013107,0.8613432347774506,0.059932347387075424,0.00016093389605246702
727,0.005191402354588111,0.8599897027015686,0.06000404246151447,0.00016079584582643825
728,0.005687515755804877,0.8675219714641571,0.060268936678767204,0.00016065761192880632
729,0.004502895016533633,0.8538785576820374,0.05958598107099533,0.0001605191947806556
730,0.0047459543372193975,0.8672282695770264,0.05986214056611061,0.00016038059480362883
731,0.004194178191634516,0.8717942237854004,0.059848982840776443,0.00016024181241992548
732,0.004601203215618928,0.870730996131897,0.05974013917148113,0.0001601028480523008
733,0.0036064755404368043,0.8677952289581299,0.05979122780263424,0.00015996370212406437
734,0.003397074295207858,0.854336678981781,0.05937484838068485,0.00015982437505907877
735,0.004225316147009532,0.8595621883869171,0.05953919515013695,0.00015968486728175848
736,0.0035548450347657004,0.8615577220916748,0.059681328013539314,0.0001595451792170683
737,0.0038088414585217834,0.8588823974132538,0.05961738899350166,0.00015940531129052235
738,0.004449154172713558,0.8450720906257629,0.05944349057972431,0.00015926526392818257
739,0.004067333531565964,0.8479586243629456,0.05945574678480625,0.00015912503755665755
740,0.0035924060891071954,0.841800719499588,0.05909878946840763,0.0001589846326031011
741,0.0038726376369595528,0.8494400084018707,0.05940191075205803,0.00015884404949521104
742,0.0036580155914028487,0.8483187854290009,0.059259019792079926,0.00015870328866122795
743,0.003390345062750081,0.8415476083755493,0.05915110558271408,0.0001585623505299337
744,0.0031297716001669564,0.8281565606594086,0.05892505310475826,0.0001584212355306503
745,0.003714178688824177,0.8239409923553467,0.05913889594376087,0.0001582799440932385
746,0.003451332294692596,0.8288325369358063,0.059175608679652214,0.00015813847664809653
747,0.003527701715938747,0.8477354049682617,0.05950107425451279,0.0001579968336261588
748,0.003600419072123865,0.8550198674201965,0.05943872965872288,0.00015785501545889443
749,0.004527879257996877,0.8560266196727753,0.059321627020835876,0.00015771302257830625
750,0.0057636473793536425,0.8805234730243683,0.0601891353726387,0.0001575708554169291
751,0.0046480592573061585,0.8560998141765594,0.059857120737433434,0.00015742851440782887
752,0.0037583198475961885,0.8586955368518829,0.06007024087011814,0.000157285999984601
753,0.003824702425238987,0.8441112041473389,0.05971086025238037,0.00015714331258136902
754,0.004049699055030942,0.8462688028812408,0.05952523462474346,0.0001570004526327836
755,0.0038599857361987233,0.8468608260154724,0.059565594419837,0.00015685742057402086
756,0.005351982195861638,0.8354730904102325,0.0592179112136364,0.00015671421684078132
757,0.005097582625846068,0.8260698318481445,0.059351589530706406,0.00015657084186928834
758,0.005013421371889611,0.8290758430957794,0.05929976888000965,0.000156427296096287
759,0.004654715885408223,0.8381034731864929,0.05928844027221203,0.00015628357995904258
760,0.004640951558637123,0.8615630567073822,0.05985376052558422,0.00015613969389533932
761,0.00545854043836395,0.8617798686027527,0.05987056903541088,0.0001559956383434792
762,0.005362957405547301,0.8795846402645111,0.06032826192677021,0.00015585141374228035
763,0.005234613548964262,0.8513224124908447,0.059514597058296204,0.00015570702053107594
764,0.004532227913538615,0.8454162776470184,0.059367403388023376,0.00015556245914971276
765,0.004301538496899108,0.836994856595993,0.05933264084160328,0.0001554177300385498
766,0.003341899331038197,0.8367315828800201,0.05923311598598957,0.00015527283363845707
767,0.0033191132436816892,0.8402224481105804,0.059292539954185486,0.00015512777039081412
768,0.003366182907484472,0.8443095684051514,0.05935809575021267,0.00015498254073750877
769,0.003711421314316491,0.8490379154682159,0.05922224745154381,0.0001548371451209357
770,0.0037084534221018353,0.8637858629226685,0.059668537229299545,0.0001546915839839952
771,0.0038397573322678604,0.8813546001911163,0.06039520353078842,0.00015454585777009174
772,0.00466856387599061,0.8606562316417694,0.059654926881194115,0.00015439996692313262
773,0.003727904831369718,0.8630521893501282,0.059566790238022804,0.0001542539118875267
774,0.005715396371670067,0.8388607501983643,0.05889982357621193,0.0001541076931081829
775,0.004590661420176427,0.836064338684082,0.05891065299510956,0.000153961311030509
776,0.005066183162853122,0.8311520218849182,0.05888275243341923,0.00015381476610041016
777,0.004530618976180752,0.8474566340446472,0.05921423248946667,0.00015366805876428774
778,0.0038330164194727936,0.8582041263580322,0.059503739699721336,0.00015352118946903765
779,0.0036105476707840958,0.8411973714828491,0.058958545327186584,0.00015337415866204925
780,0.0037856450847660503,0.8477431237697601,0.059204455465078354,0.00015322696679120388
781,0.0027162758245443306,0.8520319163799286,0.059469638392329216,0.00015307961430487355
782,0.003129380017829438,0.851370245218277,0.05959855020046234,0.00015293210165191943
783,0.003200310825680693,0.8481804728507996,0.05938179977238178,0.00015278442928169065
784,0.003506489524928232,0.8370362222194672,0.05909555219113827,0.0001526365976440229
785,0.002829655772075057,0.8392605483531952,0.05917900428175926,0.0001524886071892369
786,0.0030758310264597335,0.8385795056819916,0.05913285352289677,0.00015234045836813739
787,0.002958041693394383,0.8601105511188507,0.05971585772931576,0.0001521921516320112
788,0.002727287355810404,0.8461349606513977,0.05946222133934498,0.00015204368743262648
789,0.00332369659251223,0.8436532616615295,0.05944620445370674,0.00015189506622223086
790,0.002632244451281925,0.8539959788322449,0.05961994826793671,0.0001517462884535504
791,0.00270520713335524,0.843192994594574,0.05953085608780384,0.00015159735457978793
792,0.002998916587481896,0.848945677280426,0.05965716950595379,0.00015144826505462188
793,0.002814097737427801,0.8462565839290619,0.05971047841012478,0.00015129902033220478
794,0.002846998084957401,0.8486097753047943,0.05987347103655338,0.00015114962086716196
795,0.0025730585136140385,0.8442563414573669,0.059501925483345985,0.00015100006711459007
796,0.0024427633810167513,0.8515364527702332,0.05964139476418495,0.0001508503595300558
797,0.003288123640231788,0.8597806096076965,0.05988217145204544,0.0001507004985695944
798,0.0028673626172045865,0.8585662245750427,0.05972919799387455,0.0001505504846897084
799,0.0028628427535295486,0.8582600951194763,0.059732552617788315,0.00015040031834736602
800,0.0025119614244128266,0.855808675289154,0.059562334790825844,0.00015025000000000002
801,0.0027108698850497603,0.8694506585597992,0.05962534062564373,0.00015009953010550612
802,0.0034913859562948346,0.8424752652645111,0.05901901610195637,0.00014994890912224177
803,0.0034719178608308234,0.8479025959968567,0.059363577514886856,0.00014979813750902457
804,0.0035968374771376452,0.8409914374351501,0.05929918587207794,0.000149647215725131
805,0.0035117938726519546,0.8500983119010925,0.059601305052638054,0.000149496144230295
806,0.0035705858996758857,0.8571844100952148,0.05961638130247593,0.00014934492348470652
807,0.0028880921890959144,0.8588251769542694,0.05961765721440315,0.00014919355394901022
808,0.002698741387575865,0.8657354712486267,0.059955405071377754,0.00014904203608430392
809,0.003184838298087319,0.8379468321800232,0.05894605070352554,0.0001488903703521373
810,0.0027155260128589966,0.8491930365562439,0.05933541990816593,0.00014873855721451057
811,0.002288486789135883,0.8525726497173309,0.05956161208450794,0.00014858659713387273
812,0.0027649321127682924,0.856179803609848,0.05975811183452606,0.00014843449057312067
813,0.0031248616675535836,0.8480381071567535,0.059552669525146484,0.0001482822379955973
814,0.0026574045962964496,0.8397051990032196,0.059361232444643974,0.0001481298398650904
815,0.0024656753327387073,0.846193790435791,0.05926024541258812,0.00014797729664583104
816,0.002899521690172454,0.839402049779892,0.05899873748421669,0.0001478246088024924
817,0.0030048355692997575,0.8400405943393707,0.05910652317106724,0.00014767177680018807
818,0.0030578095077847442,0.8625801503658295,0.05979697220027447,0.0001475188011044709
819,0.002615952476238211,0.8555497229099274,0.05952233076095581,0.0001473656821813313
820,0.0021030662270883718,0.8621502816677094,0.05963144637644291,0.00014721242049719614
821,0.0027882735012099147,0.8501424789428711,0.05929664336144924,0.00014705901651892707
822,0.0027531729623054466,0.8422412872314453,0.059202685952186584,0.00014690547071381918
823,0.002928183258821567,0.8408984839916229,0.05908575467765331,0.0001467517835495997
824,0.0027903059769111374,0.8577957153320312,0.059422845020890236,0.00014659795549442625
825,0.002255090589945515,0.850727379322052,0.05913124792277813,0.0001464439870168859
826,0.0026161232187102237,0.8473817706108093,0.059005074203014374,0.00014628987858599326
827,0.002259366291885575,0.838012307882309,0.05887894332408905,0.00014613563067118938
828,0.0023368572971473136,0.8259667158126831,0.058620648458600044,0.00014598124374234008
829,0.002882401808165014,0.8399295806884766,0.05899741314351559,0.0001458267182697348
830,0.003049065766390413,0.8340641260147095,0.05881788581609726,0.00014567205472408492
831,0.0032928262759620943,0.8514379858970642,0.058915117755532265,0.0001455172535765224
832,0.004357580949241917,0.8737647235393524,0.059726616367697716,0.00014536231529859836
833,0.004314978412973384,0.8472346663475037,0.058927103877067566,0.0001452072403622817
834,0.0029373307091494403,0.8372888267040253,0.058858662843704224,0.00014505202923995758
835,0.0029850357677787542,0.8313864767551422,0.05882019363343716,0.00014489668240442598
836,0.0025801832477251687,0.8353147506713867,0.05899938382208347,0.0001447412003289003
837,0.002985088348699113,0.8356326222419739,0.058895934373140335,0.0001445855834870059
838,0.002863633019539217,0.8386516869068146,0.05894940532743931,0.00014442983235277867
839,0.002996057077931861,0.8510693907737732,0.059212930500507355,0.00014427394740066355
840,0.0024897618568502367,0.850447028875351,0.05928915925323963,0.0001441179291055132
841,0.0024159851018339396,0.8488445580005646,0.05937317758798599,0.00014396177794258637
842,0.0026067967216173806,0.8520936965942383,0.059434905648231506,0.0001438054943875466
843,0.0027140176001315317,0.846804141998291,0.05935499258339405,0.0001436490789164607
844,0.0023590888595208526,0.8430910706520081,0.05908096209168434,0.00014349253200579727
845,0.0026796774084990225,0.8427514731884003,0.05907585099339485,0.00014333585413242537
846,0.0024967913826306662,0.8455812335014343,0.059200676158070564,0.00014317904577361301
847,0.002283512983315935,0.8383105397224426,0.05889720842242241,0.00014302210740702568
848,0.0022078243588718274,0.8357635736465454,0.05875840410590172,0.00014286503951072474
849,0.002146633380713562,0.8339736759662628,0.05886616185307503,0.00014270784256316632
850,0.0025746874356021485,0.8364317417144775,0.05907202512025833,0.00014255051704319962
851,0.0029052476359841726,0.8330523073673248,0.059045542031526566,0.00014239306343006536
852,0.003505941480398178,0.8468516170978546,0.059217724949121475,0.00014223548220339464
853,0.0029005829710513353,0.866933286190033,0.059733921661973,0.00014207777384320715
854,0.002618119237013161,0.8496170938014984,0.05925171263515949,0.00014191993882990993
855,0.0025324258022010326,0.8516626358032227,0.059233516454696655,0.0001417619776442958
856,0.0023315351378793516,0.8441334962844849,0.05898618511855602,0.00014160389076754191
857,0.0024625923251733184,0.8283545970916748,0.05874842777848244,0.00014144567868120834
858,0.0029093914975722632,0.8328239917755127,0.05884977988898754,0.00014128734186723648
859,0.002529434277676046,0.8367436230182648,0.05887463130056858,0.0001411288808079478
860,0.0023345730539100864,0.8408045172691345,0.05906335264444351,0.00014097029598604215
861,0.0024910028635834656,0.8375401794910431,0.05891159921884537,0.00014081158788459635
862,0.0018979148978057008,0.8449732661247253,0.059107258915901184,0.00014065275698706283
863,0.0021731187977517643,0.8401677906513214,0.05885131470859051,0.00014049380377726805
864,0.002201150811742991,0.8382267653942108,0.05891256965696812,0.0001403347287394111
865,0.002159767764775703,0.8365880250930786,0.05884253606200218,0.000140175532358062
866,0.0022024233864309886,0.8359630703926086,0.05873824469745159,0.00014001621511816067
867,0.002560401374163727,0.8446076810359955,0.05903262458741665,0.00013985677750501504
868,0.002091775784113755,0.8490005731582642,0.059002529829740524,0.00013969722000429965
869,0.0020524719924045107,0.8474053740501404,0.058979593217372894,0.00013953754310205437
870,0.002361506107263267,0.8546806871891022,0.05912505090236664,0.00013937774728468272
871,0.002217424063322445,0.8568189740180969,0.05923840217292309,0.00013921783303895053
872,0.002745582372881472,0.8403523862361908,0.058823343366384506,0.00013905780085198425
873,0.0022399123990908265,0.8540281653404236,0.05916661582887173,0.0001388976512112697
874,0.002246901897403101,0.8582102060317993,0.05937284976243973,0.00013873738460465045
875,0.002157477254513651,0.8560300171375275,0.05941142328083515,0.00013857700152032645
876,0.0022176274408896766,0.8521163463592529,0.0592887457460165,0.0001384165024468523
877,0.0021874612236085036,0.8438870012760162,0.059056900441646576,0.000138255887873136
878,0.0022182326453427472,0.8440609574317932,0.058976417407393456,0.0001380951582884375
879,0.002002457079167167,0.8395724594593048,0.05877388082444668,0.00013793431418236687
880,0.00236395086782674,0.8410569429397583,0.05891387164592743,0.00013777335604488327
881,0.0020108132739551365,0.8457874953746796,0.059093624353408813,0.000137612284366293
882,0.0023081259763178727,0.8487164378166199,0.05911988951265812,0.0001374510996372484
883,0.0024630545910137394,0.8475136756896973,0.058930860832333565,0.00013728980234874603
884,0.002926313473532597,0.8384838700294495,0.05875292420387268,0.00013712839299212547
885,0.002543880216156443,0.8439123034477234,0.05883465334773064,0.0001369668720590676
886,0.0022716987101982036,0.8509490489959717,0.059135911986231804,0.00013680524004159314
887,0.0024803606405233345,0.8456033766269684,0.05906067602336407,0.00013664349743206137
888,0.0021265695492426553,0.8581260144710541,0.05946507677435875,0.00013648164472316817
889,0.0021487371413968503,0.8625083565711975,0.059617651626467705,0.0001363196824079451
890,0.002317878456475834,0.8623814284801483,0.0595486294478178,0.00013615761097975735
891,0.0025810588461657367,0.8533338606357574,0.059349607676267624,0.0001359954309323027
892,0.002316309643598894,0.8448779284954071,0.0590545330196619,0.00013583314275960966
893,0.0022285462473519146,0.8544651567935944,0.0592197198420763,0.0001356707469560361
894,0.0022700944682583213,0.8492383360862732,0.05900927633047104,0.00013550824401626784
895,0.001977735140826553,0.8567118346691132,0.05924795940518379,0.000135345634435317
896,0.001953846891410649,0.851449728012085,0.05903496593236923,0.00013518291870852063
897,0.002023010941532751,0.8470569550991058,0.05899649299681187,0.00013502009733153895
898,0.002948264804823945,0.8479600548744202,0.05899573862552643,0.0001348571708003542
899,0.0028731016597400108,0.845259428024292,0.05889406055212021,0.00013469413961126882
900,0.0027231021861856184,0.8569055795669556,0.059176431968808174,0.00013453100426090407
901,0.00207860164421921,0.8623677790164948,0.059298472478985786,0.0001343677652461985
902,0.0025174623200049004,0.8538041412830353,0.05913894064724445,0.00013420442306440652
903,0.0027303145034238696,0.8493012487888336,0.05903536267578602,0.0001340409782130967
904,0.0030614574789069593,0.8389075100421906,0.05890907719731331,0.0001338774311901504
905,0.0037103365951528153,0.8403714299201965,0.05890832096338272,0.0001337137824937602
906,0.00296708638779819,0.8458584547042847,0.05901728942990303,0.0001335500326224285
907,0.002935115286769966,0.8526817858219147,0.05916331708431244,0.0001333861820749657
908,0.0029964703135192394,0.8504894077777863,0.05916920118033886,0.00013322223135048904
909,0.002612223926310738,0.8599266707897186,0.05946826562285423,0.00013305818094842085
910,0.00239972568427523,0.8641011416912079,0.059607796370983124,0.0001328940313684871
911,0.0024027253966778517,0.8642809689044952,0.05967171676456928,0.00013272978311071586
912,0.003074055964437624,0.8567009270191193,0.05939428694546223,0.00013256543667543587
913,0.0026180719529899457,0.8372949063777924,0.059136347845196724,0.00013240099256327478
914,0.0024405131892611585,0.8377769589424133,0.059128884226083755,0.00013223645127515796
915,0.0027616158283005157,0.8365126550197601,0.05925188958644867,0.00013207181331230668
916,0.00319255869059513,0.8438728153705597,0.05949825420975685,0.0001319070791762367
917,0.002648398706999918,0.8517476320266724,0.059614524245262146,0.0001317422493687568
918,0.0030903879863520465,0.8584290444850922,0.059653203934431076,0.00013157732439196716
919,0.002665857144165784,0.8705552518367767,0.05981063097715378,0.00013141230474825782
920,0.0022727307320261994,0.8597946166992188,0.059480100870132446,0.00013124719094030727
921,0.0023275631635139384,0.8522970676422119,0.05938037671148777,0.00013108198347108082
922,0.0026569220353849232,0.8471451103687286,0.059290727600455284,0.00013091668284382903
923,0.003166564138761411,0.845852255821228,0.059265632182359695,0.00013075128956208627
924,0.002681664191186428,0.8496328294277191,0.05942639522254467,0.00013058580412966925
925,0.0037564393520976105,0.8499414920806885,0.05952439270913601,0.00013042022705067518
926,0.003014210301140944,0.8399001359939575,0.05935491994023323,0.00013025455882948063
927,0.003218819620087743,0.8311904072761536,0.05928615853190422,0.0001300887999707397
928,0.0038065758223334947,0.8363698124885559,0.05948208086192608,0.00012992295097938265
929,0.0034945032675750554,0.8377480804920197,0.05927361734211445,0.00012975701236061423
930,0.0023782464753215513,0.8542468547821045,0.059637198224663734,0.0001295909846199123
931,0.002353239067209264,0.8507764041423798,0.059279583394527435,0.00012942486826302615
932,0.0024468856087575355,0.8347880244255066,0.059308674186468124,0.00012925866379597493
933,0.0025127826957032084,0.8379338085651398,0.05946778692305088,0.00012909237172504636
934,0.0026325595875581107,0.8461707532405853,0.059603191912174225,0.00012892599255679487
935,0.003262581303715706,0.8537370264530182,0.05963152274489403,0.00012875952679804032
936,0.002754268469288945,0.8629115223884583,0.059885067865252495,0.00012859297495586622
937,0.002413522743154317,0.8650223314762115,0.05990324355661869,0.0001284263375376184
938,0.0024802577099762857,0.8703534007072449,0.0599948950111866,0.00012825961505090333
939,0.0024877931185377142,0.8699134290218353,0.060029225423932076,0.00012809280800358663
940,0.0027838958582530418,0.8683893084526062,0.05999605171382427,0.00012792591690379142
941,0.0025163496223588786,0.8684062957763672,0.060031697154045105,0.00012775894225989707
942,0.002487800025846809,0.8581062257289886,0.05981655977666378,0.00012759188458053713
943,0.002656677427391211,0.8483147025108337,0.059569306671619415,0.00012742474437459842
944,0.0025994916019650796,0.8535146117210388,0.05967077799141407,0.00012725752215121894
945,0.002591506694443524,0.8454045355319977,0.059472525492310524,0.00012709021841978655
946,0.002157658435559521,0.8483405411243439,0.05951154790818691,0.0001269228336899375
947,0.002613460509261737,0.8487168550491333,0.0594518706202507,0.0001267553684715546
948,0.002086395921651274,0.8492695689201355,0.05961474031209946,0.00012658782327476604
949,0.0024504390894435346,0.850121021270752,0.0596485398709774,0.00012642019860994354
950,0.002528038884823521,0.8521649539470673,0.059686219319701195,0.00012625249498770082
951,0.002012790704611689,0.8606694042682648,0.0599573478102684,0.0001260847129188923
952,0.002104078244883567,0.856795608997345,0.05984699726104736,0.00012591685291461115
953,0.002053215866908431,0.8601111471652985,0.05996192246675491,0.00012574891548618818
954,0.002727729190761844,0.865959495306015,0.060112565755844116,0.00012558090114518985
955,0.0029833713391174874,0.8601373434066772,0.05977363884449005,0.00012541281040341694
956,0.0031592366479647658,0.8605669438838959,0.05979043245315552,0.0001252446437729031
957,0.0032883113405356803,0.8556696474552155,0.05957121215760708,0.00012507640176591294
958,0.0023107084756096206,0.8589709103107452,0.059743382036685944,0.00012490808489494087
959,0.0021799942672563097,0.8469721972942352,0.059368861839175224,0.00012473969367270924
960,0.0022399315300087133,0.8525607883930206,0.05953597463667393,0.00012457122861216693
961,0.002311288844794035,0.8483848571777344,0.05928010493516922,0.00012440269022648775
962,0.0029993997498725853,0.8398456871509552,0.05916537344455719,0.0001242340790290688
963,0.0032857642509043217,0.8437200784683228,0.05946374125778675,0.00012406539553352908
964,0.0028832703634786108,0.8508528172969818,0.05964239127933979,0.0001238966402537077
965,0.0027644367267688117,0.8668859899044037,0.05982147715985775,0.0001237278137036626
966,0.003313868073746562,0.87223881483078,0.059798713773489,0.00012355891639766864
967,0.0029447742466193936,0.8682348728179932,0.059772612527012825,0.0001233899488502164
968,0.0025509586557745934,0.8595048785209656,0.059630732983350754,0.00012322091157601026
969,0.0029551355401054025,0.8681327700614929,0.05980250425636768,0.00012305180508996708
970,0.00243423628853634,0.8549711406230927,0.059460144490003586,0.0001228826299072146
971,0.0030196831406404576,0.865257740020752,0.05964222364127636,0.00012271338654308968
972,0.002557333830433587,0.855751097202301,0.05942804552614689,0.00012254407551313701
973,0.0026943892783795795,0.8553310632705688,0.059495387598872185,0.00012237469733310735
974,0.0024603562196716666,0.8485111892223358,0.05925886891782284,0.000122205252518956
975,0.0020266545858855047,0.852942705154419,0.05921562947332859,0.00012203574158684124
976,0.0022003139602020383,0.8484935760498047,0.05916772596538067,0.00012186616505312281
977,0.0020617600918437042,0.8516279458999634,0.05938350409269333,0.0001216965234343602
978,0.002460362564306706,0.860269695520401,0.059583984315395355,0.0001215268172473112
979,0.0020113441666277745,0.8482909798622131,0.0593305379152298,0.00012135704700893027
980,0.0022235413974461458,0.8495088517665863,0.059241894632577896,0.00012118721323636704
981,0.002153599343728274,0.8423466384410858,0.05924963392317295,0.00012101731644696466
982,0.002012793479176859,0.8539630770683289,0.05943838320672512,0.00012084735715825813
983,0.0018187554863591988,0.8480333387851715,0.05916658416390419,0.00012067733588797299
984,0.002033450136271616,0.8411437571048737,0.05900158919394016,0.0001205072531540235
985,0.001964924701799949,0.8416683077812195,0.05912620574235916,0.00012033710947451113
986,0.0015913052290367584,0.8512900173664093,0.059262240305542946,0.00012016690536772305
987,0.0014604175230488181,0.8579046130180359,0.05946856550872326,0.00011999664135213051
988,0.0020161752860682705,0.8455476462841034,0.05918207764625549,0.00011982631794638722
989,0.0023797693623540304,0.8396255671977997,0.05905655398964882,0.0001196559356693278
990,0.0024099373646701374,0.8527942299842834,0.05930335633456707,0.00011948549503996621
991,0.002310363265375296,0.8498227596282959,0.05918687954545021,0.00011931499657749418
992,0.0017294898667993646,0.8545953333377838,0.05926506966352463,0.00011914444080127963
993,0.0023148759307029345,0.8648514151573181,0.05951398238539696,0.00011897382823086497
994,0.0026338827641059956,0.8579267859458923,0.05942247062921524,0.00011880315938596566
995,0.002481599512975663,0.8535511791706085,0.0593237467110157,0.00011863243478646871
996,0.002359315830593308,0.8447807729244232,0.05912704020738602,0.00011846165495243074
997,0.002116165453723321,0.84388267993927,0.059285491704940796,0.00011829082040407678
998,0.002073946874588728,0.8528925776481628,0.05952635779976845,0.00011811993166179856
999,0.0018281399000746508,0.8536659181118011,0.05937422998249531,0.00011794898924615272
1000,0.0017766420108576615,0.8565201759338379,0.05953722447156906,0.0001177779936778596
1001,0.0017796492320485413,0.8549764156341553,0.05955299362540245,0.00011760694547780125
1002,0.001982706676547726,0.8670044839382172,0.059907861053943634,0.00011743584516702025
1003,0.002166078115502993,0.8584270775318146,0.05974518321454525,0.00011726469326671776
1004,0.0019228563954432805,0.8508467674255371,0.0593776423484087,0.00011709349029825218
1005,0.002723163808695972,0.8532211780548096,0.05942310951650143,0.00011692223678313743
1006,0.002598486219843229,0.8524786531925201,0.05942756310105324,0.00011675093324304143
1007,0.0022256035978595414,0.850793182849884,0.059382304549217224,0.00011657958019978445
1008,0.0022065024046848216,0.8568870723247528,0.059560518711805344,0.00011640817817533758
1009,0.0022317119486009083,0.8546168804168701,0.059539783746004105,0.00011623672769182114
1010,0.002017104571374754,0.8508220314979553,0.059450725093483925,0.00011606522927150298
1011,0.0022833640881193182,0.845165491104126,0.05920885317027569,0.0001158936834367971
1012,0.0020369054788413146,0.8504990041255951,0.05923529341816902,0.0001157220907102618
1013,0.0024376754105711975,0.8473474085330963,0.059208065271377563,0.00011555045161459834
1014,0.002141307651375731,0.8569639027118683,0.05952421575784683,0.00011537876667264912
1015,0.0020817929956441126,0.8537627756595612,0.05938025377690792,0.00011520703640739629
1016,0.001715318610270818,0.8506042063236237,0.05926228687167168,0.00011503526134195997
1017,0.002044193272013217,0.8548825979232788,0.05951624549925327,0.00011486344199959684
1018,0.002487847775531312,0.8663048148155212,0.059790028259158134,0.00011469157890369842
1019,0.0027591511995221176,0.8712712824344635,0.06009329669177532,0.00011451967257778948
1020,0.0023586152819916606,0.8564738929271698,0.059517547488212585,0.00011434772354552651
1021,0.0022169237102692327,0.8456740081310272,0.059286683797836304,0.00011417573233069608
1022,0.0020753597103369734,0.8373352289199829,0.0590629056096077,0.0001140036994572133
1023,0.001487929451589783,0.8404665291309357,0.05913125164806843,0.00011383162544912008
1024,0.0017519679968245327,0.8438181281089783,0.059181127697229385,0.0001136595108305837
1025,0.0019521356637900074,0.8376079797744751,0.05901904031634331,0.00011348735612589516
1026,0.001787552881675462,0.8382397592067719,0.05895955674350262,0.00011331516185946752
1027,0.0015996087070864935,0.8537673354148865,0.05927126109600067,0.00011314292855583438
1028,0.0014326668460853398,0.8472596108913422,0.05904684402048588,0.00011297065673964828
1029,0.001902400089117388,0.8537449538707733,0.059304576367139816,0.00011279834693567902
1030,0.002334395481739193,0.852745920419693,0.0593838207423687,0.00011262599966881218
1031,0.002879044370880971,0.8587491810321808,0.05949338525533676,0.00011245361546404739
1032,0.002168356499169022,0.8582867383956909,0.059541281312704086,0.00011228119484649688
1033,0.0027572110023659966,0.8458028137683868,0.05916696600615978,0.00011210873834138366
1034,0.0026002245916364095,0.8556945621967316,0.059410661458969116,0.00011193624647404024
1035,0.002383277053013444,0.8472317159175873,0.05926266126334667,0.00011176371976990674
1036,0.0018016083437638979,0.8513167500495911,0.05936405248939991,0.00011159115875452938
1037,0.0018348447241199513,0.8583247065544128,0.05947007052600384,0.00011141856395355899
1038,0.0016426891670562327,0.8727323710918427,0.05984426103532314,0.00011124593589274927
1039,0.0017568989812086027,0.8695169985294342,0.059664057567715645,0.00011107327509795521
1040,0.0017263855746326346,0.859746515750885,0.0592799186706543,0.00011090058209513153
1041,0.0019890685992625854,0.8607962131500244,0.05937957391142845,0.00011072785741033107
1042,0.001604211691301316,0.8531511425971985,0.059276871383190155,0.00011055510156970316
1043,0.0016314421469966571,0.8611240684986115,0.05948326177895069,0.0001103823150994921
1044,0.0017074455584709842,0.8660421371459961,0.05954865738749504,0.00011020949852603538
1045,0.0016419791694109638,0.8630343377590179,0.05939420871436596,0.0001100366523757623
1046,0.0016276516253128648,0.8571635186672211,0.059331975877285004,0.0001098637771751922
1047,0.0021086684428155422,0.8544484078884125,0.05925169214606285,0.0001096908734509329
1048,0.0019569104770198464,0.8519153296947479,0.05914572812616825,0.00010951794172967914
1049,0.00188982857313628,0.8668828010559082,0.05969899147748947,0.00010934498253821095
1050,0.001740649730587999,0.8583574593067169,0.05955606885254383,0.00010917199640339201
1051,0.001674134866334498,0.8535158038139343,0.05939369648694992,0.00010899898385216809
1052,0.0016004888845297198,0.8530109524726868,0.059300126507878304,0.00010882594541156542
1053,0.0016830960327448945,0.8482180535793304,0.059249211102724075,0.00010865288160868909
1054,0.0015538785373792052,0.847688615322113,0.05935184471309185,0.00010847979297072145
1055,0.0016191228060051799,0.8509749472141266,0.05942455306649208,0.00010830668002492059
1056,0.0018330048769712448,0.8505435287952423,0.05945898965001106,0.00010813354329861846
1057,0.0016070770022148888,0.8577154576778412,0.05935804545879364,0.00010796038331921962
1058,0.001760179972431312,0.858723521232605,0.059391699731349945,0.00010778720061419936
1059,0.0017290525138378143,0.8589349985122681,0.05948898382484913,0.00010761399571110225
1060,0.0016197760899861653,0.8530954718589783,0.059325048699975014,0.00010744076913754046
1061,0.001708575039325903,0.8494102358818054,0.05917656421661377,0.00010726752142119221
1062,0.0017163879044043522,0.8495907485485077,0.05926956236362457,0.00010709425308980004
1063,0.0016002301126718521,0.846564769744873,0.059136511757969856,0.00010692096467116933
1064,0.0015439472820920248,0.8485916256904602,0.05902152694761753,0.0001067476566931667
1065,0.001653362550617506,0.8458692729473114,0.058998921886086464,0.00010657432968371827
1066,0.0015838633795889716,0.8426348268985748,0.0590546615421772,0.0001064009841708082
1067,0.001688216677090774,0.8485856056213379,0.05909593962132931,0.00010622762068247696
1068,0.0016801246480705838,0.8533374965190887,0.05927302502095699,0.00010605423974681981
1069,0.0016102154040709138,0.8490738868713379,0.05906759761273861,0.00010588084189198517
1070,0.0018606282925854127,0.851232498884201,0.059221433475613594,0.00010570742764617293
1071,0.0015037096648787458,0.8482266962528229,0.059031685814261436,0.00010553399753763298
1072,0.0015582569176331162,0.8438114821910858,0.05886754021048546,0.00010536055209466353
1073,0.0014829726424068213,0.8555326759815216,0.059259772300720215,0.00010518709184560944
1074,0.0016093020094558597,0.8448446393013,0.05897598713636398,0.00010501361731886075
1075,0.0016989406431093812,0.846085786819458,0.05909242853522301,0.00010484012904285094
1076,0.0016164845825793843,0.8463680446147919,0.059087006375193596,0.00010466662754605535
1077,0.001585262226096044,0.8421249389648438,0.05895860679447651,0.00010449311335698969
1078,0.0015540680227180321,0.8450188338756561,0.058939192444086075,0.00010431958700420825
1079,0.001476569353447606,0.8519176542758942,0.059188010171055794,0.00010414604901630236
1080,0.0016513969167135656,0.8529274463653564,0.05923870764672756,0.00010397249992189887
1081,0.0014214995317161083,0.8478246033191681,0.059118255972862244,0.00010379894024965836
1082,0.0013669228258853157,0.8491097092628479,0.059060463681817055,0.00010362537052827376
1083,0.0014519926238184173,0.8550086617469788,0.05908922478556633,0.00010345179128646853
1084,0.0015975052180389564,0.84835085272789,0.05899541452527046,0.00010327820305299512
1085,0.0013958215907526512,0.8450002074241638,0.05906425975263119,0.0001031046063566334
1086,0.0016398176667280495,0.8422538936138153,0.05891576409339905,0.00010293100172618901
1087,0.001553333558452626,0.8411702811717987,0.05871744453907013,0.00010275738969049177
1088,0.0015623579577853282,0.843819260597229,0.05884854309260845,0.00010258377077839402
1089,0.001565123888819168,0.8491518795490265,0.05900106206536293,0.00010241014551876914
1090,0.0015968892063635092,0.8479363918304443,0.059077320620417595,0.00010223651444050972
1091,0.001840176119003445,0.8569460511207581,0.05940773896872997,0.00010206287807252616
1092,0.0019484584918245673,0.8446307182312012,0.0590047612786293,0.00010188923694374498
1093,0.001935852284077555,0.8367991745471954,0.05882653594017029,0.0001017155915831071
1094,0.0016061078252581258,0.8378619253635406,0.05887896567583084,0.00010154194251956646
1095,0.001773237173135082,0.8541901111602783,0.05941780097782612,0.0001013682902820882
1096,0.0015620665314296882,0.8596216440200806,0.059543877840042114,0.00010119463539964717
1097,0.0018325331814897556,0.8488155603408813,0.0591780673712492,0.00010102097840122624
1098,0.0015716477452466886,0.8535263240337372,0.05938061699271202,0.00010084731981581477
1099,0.0016846944927237928,0.8560264110565186,0.05944349244236946,0.00010067366017240688
1100,0.0017091355791004996,0.8490119576454163,0.05920608527958393,0.0001005
1101,0.001572941701548795,0.8488934636116028,0.05916042998433113,0.00010032633982759314
1102,0.001325344608630985,0.8497487306594849,0.059180375188589096,0.00010015268018418527
1103,0.00145896968509381,0.8496609628200531,0.05915383622050285,9.997902159877374e-05
1104,0.0013340711302589625,0.8471161723136902,0.05906149372458458,9.980536460035284e-05
1105,0.0018310057542597253,0.8475370407104492,0.05913758836686611,9.963170971791181e-05
1106,0.0018535180715844035,0.8452143967151642,0.05908098258078098,9.945805748043358e-05
1107,0.0018737657034459214,0.8540059328079224,0.059254422783851624,9.928440841689291e-05
1108,0.0015386817200730245,0.8586221635341644,0.05932166986167431,9.911076305625505e-05
1109,0.0015098850708454847,0.8501540124416351,0.059078311547636986,9.893712192747386e-05
1110,0.0015321980657366414,0.8518478870391846,0.05922778695821762,9.87634855594903e-05
1111,0.0013721302287497867,0.8478553593158722,0.05903415568172932,9.858985448123089e-05
1112,0.0012859376050376643,0.8533205091953278,0.059077996760606766,9.8416229221606e-05
1113,0.0016002038222116728,0.8493010103702545,0.05907643400132656,9.824261030950825e-05
1114,0.0017127938917838037,0.8480630218982697,0.058903979137539864,9.806899827381102e-05
1115,0.0017979530966840684,0.8498282432556152,0.05891500785946846,9.789539364336664e-05
1116,0.001601678765534113,0.8492251634597778,0.05897654592990875,9.772179694700492e-05
1117,0.0015277499333024025,0.8523841202259064,0.059213170781731606,9.754820871353147e-05
1118,0.0015966663098273177,0.8542070090770721,0.059201804921031,9.737462947172624e-05
1119,0.0016734079884675641,0.8485621511936188,0.059061020612716675,9.720105975034166e-05
1120,0.0014258478574144344,0.8405370712280273,0.05903036892414093,9.702750007810118e-05
1121,0.0013018645307359595,0.8473248183727264,0.059095270931720734,9.685395098369764e-05
1122,0.0013499402169448633,0.8479542136192322,0.05919393338263035,9.668041299579177e-05
1123,0.0013974538499799867,0.8532608449459076,0.05928521789610386,9.650688664301033e-05
1124,0.0012723719313119848,0.8431367874145508,0.05898415856063366,9.633337245394465e-05
1125,0.0015348490172376235,0.84405317902565,0.05895042233169079,9.615987095714908e-05
1126,0.0015070392983034253,0.842547595500946,0.058812061324715614,9.598638268113926e-05
1127,0.0017602517230746646,0.8401052057743073,0.05905052460730076,9.581290815439057e-05
1128,0.0017335487646050751,0.8485036492347717,0.0591152161359787,9.563944790533649e-05
1129,0.001484987714017431,0.8392994403839111,0.058774180710315704,9.546600246236703e-05
1130,0.0014935874302561085,0.8368701338768005,0.0587091650813818,9.529257235382709e-05
1131,0.0014205707896811266,0.8346397280693054,0.058704543858766556,9.511915810801485e-05
1132,0.0015815306299676497,0.8369985222816467,0.058721164241433144,9.49457602531802e-05
1133,0.0015907659835647792,0.8451533317565918,0.05912998504936695,9.477237931752306e-05
1134,0.001458197463459025,0.8434650301933289,0.05916262976825237,9.459901582919183e-05
1135,0.0016123475312876205,0.8513594269752502,0.05923386104404926,9.442567031628173e-05
1136,0.0014272370802549024,0.8520124852657318,0.059328729286789894,9.425234330683332e-05
1137,0.0013336940901353955,0.8500238060951233,0.0592169351875782,9.40790353288307e-05
1138,0.0012127372804873933,0.8471059203147888,0.05908723920583725,9.39057469102e-05
1139,0.0013222585548646748,0.8392005264759064,0.05887170322239399,9.373247857880785e-05
1140,0.0016091342937822144,0.8370232880115509,0.058864835649728775,9.355923086245954e-05
1141,0.0014174370250354211,0.839330643415451,0.05881860479712486,9.338600428889776e-05
1142,0.0014642652434607346,0.8365326523780823,0.05877118557691574,9.321279938580068e-05
1143,0.001545229577459395,0.8403179347515106,0.058897947892546654,9.303961668078042e-05
1144,0.0014409635914489627,0.84879270195961,0.05904853530228138,9.286645670138155e-05
1145,0.0013638393526586394,0.8456655740737915,0.05892358720302582,9.269331997507945e-05
1146,0.001366540847811848,0.8477866947650909,0.059093933552503586,9.252020702927856e-05
1147,0.001397654724617799,0.8491579294204712,0.059209441766142845,9.234711839131094e-05
1148,0.0013505803556957592,0.8506920635700226,0.05916464701294899,9.217405458843463e-05
1149,0.001299557906653111,0.8459932208061218,0.05900052189826965,9.200101614783195e-05
1150,0.0011635085587234546,0.8484950661659241,0.059183670207858086,9.182800359660801e-05
1151,0.0014896589564159513,0.8547970950603485,0.059391219168901443,9.165501746178908e-05
1152,0.001792022162893166,0.861056387424469,0.05954832769930363,9.148205827032089e-05
1153,0.0015821554698050022,0.8540026843547821,0.05941084958612919,9.13091265490671e-05
1154,0.0016238785659273465,0.8544780910015106,0.059432514011859894,9.113622282480783e-05
1155,0.0014901886073251565,0.8568557500839233,0.059517454355955124,9.096334762423772e-05
1156,0.0017069736689639587,0.8529883623123169,0.059380216524004936,9.079050147396464e-05
1157,0.0015540005600390334,0.8486967086791992,0.05924864299595356,9.061768490050795e-05
1158,0.001342324986277769,0.8500637114048004,0.05926768109202385,9.044489843029684e-05
1159,0.001511207645914207,0.8508631885051727,0.059279629960656166,9.027214258966895e-05
1160,0.0014034765384470422,0.8517341911792755,0.05927662178874016,9.00994179048685e-05
1161,0.0014495650733200212,0.8506949245929718,0.059144116938114166,8.992672490204482e-05
1162,0.001319680401744942,0.8556185960769653,0.05934114381670952,8.975406410725073e-05
1163,0.0011566869798116386,0.8494146466255188,0.05916815996170044,8.9581436046441e-05
1164,0.001358191288697223,0.8456293642520905,0.05900585651397705,8.940884124547063e-05
1165,0.0011339031625539064,0.855057030916214,0.059278955683112144,8.923628023009329e-05
1166,0.001169649379638334,0.8547486662864685,0.05938075855374336,8.90637535259598e-05
1167,0.0011712318131079276,0.8527088463306427,0.05926587991416454,8.889126165861635e-05
1168,0.0013925536186434329,0.8469471633434296,0.05909917503595352,8.871880515350315e-05
1169,0.0012574800833438833,0.8394207060337067,0.05906766653060913,8.854638453595262e-05
1170,0.001612220425158739,0.8378161489963531,0.059013769030570984,8.837400033118784e-05
1171,0.0013413925480563194,0.8487916588783264,0.059111788868904114,8.8201653064321e-05
1172,0.0014805957034695894,0.852761298418045,0.0591629259288311,8.802934326035172e-05
1173,0.0014581024200500299,0.8518484234809875,0.05922824516892433,8.785707144416563e-05
1174,0.0015637132455594838,0.8482886552810669,0.059091271832585335,8.768483814053252e-05
1175,0.0015172967105172575,0.8384872674942017,0.0588526614010334,8.75126438741049e-05
1176,0.0012501385547996808,0.8437110185623169,0.05895649455487728,8.73404891694163e-05
1177,0.0013149055982163798,0.8526948690414429,0.05927888676524162,8.716837455087994e-05
1178,0.00149435664449508,0.8652128577232361,0.05959378927946091,8.699630054278672e-05
1179,0.001561320813683172,0.8544190526008606,0.059448178857564926,8.682426766930392e-05
1180,0.0015505133390737076,0.8383921384811401,0.059006525203585625,8.665227645447351e-05
1181,0.0014256456245978673,0.8435217142105103,0.059255434200167656,8.648032742221053e-05
1182,0.0013433395458074908,0.8487894535064697,0.05935602821409702,8.63084210963016e-05
1183,0.0015179134788922966,0.841286838054657,0.059106841683387756,8.613655800040318e-05
1184,0.0016134875865342717,0.8542191982269287,0.059336233884096146,8.596473865804005e-05
1185,0.0015772614084805052,0.8735400140285492,0.059926869347691536,8.579296359260375e-05
1186,0.0014145092184965808,0.8668889701366425,0.059745052829384804,8.562123332735092e-05
1187,0.0014684806907704722,0.8649788498878479,0.059604594483971596,8.544954838540169e-05
1188,0.001562934465861569,0.8543113470077515,0.059178028255701065,8.527790928973822e-05
1189,0.0016047503643979628,0.870104968547821,0.059685179963707924,8.510631656320295e-05
1190,0.001733755285385996,0.8590423166751862,0.059333546087145805,8.493477072849701e-05
1191,0.0014929358245960127,0.8508903086185455,0.059207137674093246,8.476327230817888e-05
1192,0.0015011709571505587,0.8635289669036865,0.05957351624965668,8.459182182466244e-05
1193,0.001979828579351306,0.847030371427536,0.059093691408634186,8.442041980021558e-05
1194,0.0017084180338618655,0.8585998117923737,0.059345636516809464,8.424906675695862e-05
1195,0.0019027436307320993,0.8557135164737701,0.05935771018266678,8.407776321686257e-05
1196,0.0020588846139920256,0.8402949571609497,0.058933574706315994,8.390650970174783e-05
1197,0.00203901989152655,0.8502790033817291,0.05923270806670189,8.373530673328226e-05
1198,0.0018580690181503694,0.8524875938892365,0.05924194119870663,8.356415483297979e-05
1199,0.0019454049373356004,0.8534783720970154,0.05924472212791443,8.339305452219875e-05
1200,0.0019436486763879657,0.8668336570262909,0.05970180034637451,8.322200632214044e-05
1201,0.0024055349834573767,0.8488576412200928,0.05907008424401283,8.305101075384729e-05
1202,0.0023212847493899367,0.8477481007575989,0.05909249931573868,8.288006833820148e-05
1203,0.001958552107680589,0.8429253101348877,0.05903393775224686,8.270917959592323e-05
1204,0.001724309384978066,0.83503258228302,0.05877489782869816,8.25383450475693e-05
1205,0.0015250677436900635,0.8396240472793579,0.05901208706200123,8.236756521353133e-05
1206,0.0015880641294643283,0.8408657908439636,0.05915400572121143,8.219684061403435e-05
1207,0.0014763643266633153,0.8467367589473724,0.05928770452737808,8.202617176913508e-05
1208,0.0016526855373134215,0.8505778610706329,0.05930322967469692,8.185555919872038e-05
1209,0.0015135707411294181,0.854456216096878,0.05938327871263027,8.16850034225058e-05
1210,0.0014678708200032513,0.8504520952701569,0.05931362509727478,8.15145049600338e-05
1211,0.001442578019729505,0.8464668095111847,0.05920688062906265,8.134406433067223e-05
1212,0.0014956502127461135,0.8478022813796997,0.059247132390737534,8.117368205361281e-05
1213,0.0015558308417287965,0.8393094539642334,0.05905933119356632,8.100335864786948e-05
1214,0.0013813694822601974,0.8365792632102966,0.05903565511107445,8.083309463227695e-05
1215,0.0014403938742664952,0.8353074193000793,0.05893288739025593,8.06628905254889e-05
1216,0.001357803742090861,0.8453620076179504,0.05915862321853638,8.049274684597654e-05
1217,0.0015229394581789772,0.846365213394165,0.05903553403913975,8.032266411202704e-05
1218,0.0014574207016266882,0.8485605418682098,0.05919227749109268,8.015264284174186e-05
1219,0.0012956428496787946,0.8445022702217102,0.05917440727353096,7.998268355303536e-05
1220,0.0014102056544894974,0.8462944626808167,0.05921218544244766,7.981278676363296e-05
1221,0.0013523560288983087,0.8513143062591553,0.05937774479389191,7.964295299106975e-05
1222,0.0013594418802919488,0.8453755676746368,0.05921096354722977,7.947318275268884e-05
1223,0.0015374814975075424,0.8401678204536438,0.0590745210647583,7.930347656563984e-05
1224,0.0014797908176357548,0.844153493642807,0.059176377952098846,7.913383494687721e-05
1225,0.0015976598757940035,0.8400167226791382,0.05899087153375149,7.896425841315876e-05
1226,0.0013526312735242148,0.8518071472644806,0.059438591822981834,7.879474748104404e-05
1227,0.0015697017661295831,0.8441475033760071,0.05927520990371704,7.862530266689266e-05
1228,0.0014513044346434374,0.8404373526573181,0.059212587773799896,7.8455924486863e-05
1229,0.0013649654768717785,0.8474661707878113,0.05934729054570198,7.828661345691035e-05
1230,0.0015702756160559754,0.84788778424263,0.059177663177251816,7.811737009278545e-05
1231,0.0013640034788598616,0.857904464006424,0.05943524092435837,7.79481949100329e-05
1232,0.0013311719909931223,0.8544222712516785,0.05931372754275799,7.777908842398974e-05
1233,0.0016747242577063541,0.849870890378952,0.05921355076134205,7.761005114978362e-05
1234,0.0014256768239041169,0.8433217704296112,0.05914729833602905,7.744108360233136e-05
1235,0.001337857567705214,0.839580237865448,0.0591407623142004,7.727218629633745e-05
1236,0.0012734460469800979,0.8416535258293152,0.05922425724565983,7.71033597462923e-05
1237,0.0012838875991292298,0.8498103618621826,0.059444621205329895,7.693460446647096e-05
1238,0.0012460245634429157,0.8510317504405975,0.05945860221982002,7.676592097093122e-05
1239,0.0014066165895201266,0.8504072427749634,0.05932348780333996,7.659730977351226e-05
1240,0.0015585969667881727,0.849190890789032,0.05933312140405178,7.642877138783308e-05
1241,0.001162494581270342,0.8503945171833038,0.05933944322168827,7.626030632729075e-05
1242,0.001157615993482371,0.8503913283348083,0.059450868517160416,7.609191510505914e-05
1243,0.0012472166951435308,0.8410919904708862,0.059174735099077225,7.592359823408709e-05
1244,0.001212159307518353,0.8359124064445496,0.059054840356111526,7.575535622709697e-05
1245,0.0012170420377515256,0.8369303941726685,0.05908798798918724,7.558718959658306e-05
1246,0.0011310349024521809,0.8492947220802307,0.05946650914847851,7.541909885481019e-05
1247,0.001290160483525445,0.8522352278232574,0.05946934595704079,7.525108451381184e-05
1248,0.0011657117186890293,0.8494024574756622,0.05937900394201279,7.508314708538886e-05
1249,0.0012859083168829482,0.8406308889389038,0.059142354875802994,7.491528708110776e-05
1250,0.0010946316663951923,0.8470949828624725,0.05925185978412628,7.474750501229917e-05
1251,0.0012281473803644378,0.848360151052475,0.05922013334929943,7.45798013900565e-05
1252,0.0012893957124712567,0.850220113992691,0.05931963585317135,7.441217672523398e-05
1253,0.0012450939005551238,0.8467146754264832,0.05929053574800491,7.424463152844543e-05
1254,0.0011531382721538346,0.843550443649292,0.05917517840862274,7.407716631006253e-05
1255,0.0012249196200476338,0.8392393589019775,0.05904422327876091,7.390978158021345e-05
1256,0.0012554251588881016,0.8405948877334595,0.05913141183555126,7.374247784878107e-05
1257,0.001078490410388137,0.8507928550243378,0.05941570736467838,7.35752556254016e-05
1258,0.0011902015054753672,0.8552727699279785,0.05952337384223938,7.340811541946286e-05
1259,0.001187188570232441,0.8629401922225952,0.059745922684669495,7.324105774010297e-05
1260,0.0013701295441326995,0.8571256101131439,0.05960342101752758,7.30740830962086e-05
1261,0.0013515995427345235,0.8538610935211182,0.05943758226931095,7.290719199641341e-05
1262,0.0015757647342979908,0.8559767007827759,0.059576280415058136,7.27403849490967e-05
1263,0.0014370196343710024,0.8490379452705383,0.05935642682015896,7.257366246238163e-05
1264,0.0013540666744423409,0.8517329096794128,0.05946125276386738,7.240702504413379e-05
1265,0.00132677144332168,0.8580747544765472,0.05962931178510189,7.22404732019597e-05
1266,0.0012629292711305122,0.8544436693191528,0.059553878381848335,7.207400744320514e-05
1267,0.0013578006570848327,0.8494455516338348,0.05943041481077671,7.190762827495368e-05
1268,0.0012602759428167094,0.8499366343021393,0.05940559320151806,7.174133620402506e-05
1269,0.001168598944786936,0.8485588729381561,0.0593897495418787,7.157513173697387e-05
1270,0.0010910724522545934,0.850464403629303,0.05950071103870869,7.14090153800877e-05
1271,0.001416797594477733,0.8402566015720367,0.05915246531367302,7.124298763938577e-05
1272,0.0012224906240589917,0.8392452597618103,0.05908749997615814,7.10770490206174e-05
1273,0.0012738031121746947,0.8339993059635162,0.058931171894073486,7.09112000292603e-05
1274,0.0012902252686520417,0.8406994342803955,0.05928743630647659,7.074544117051939e-05
1275,0.0011916201328858733,0.8412148356437683,0.059199199080467224,7.057977294932484e-05
1276,0.0011446392066621531,0.839250385761261,0.05913434363901615,7.041419587033079e-05
1277,0.0010946531450220693,0.8414145410060883,0.059430934488773346,7.024871043791372e-05
1278,0.0010138927512646962,0.8462475836277008,0.05953424982726574,7.0083317156171e-05
1279,0.0009888190931330125,0.846573144197464,0.059552572667598724,6.99180165289192e-05
1280,0.0011902751575689763,0.8447220623493195,0.05946838669478893,6.975280905969274e-05
1281,0.0012305679847486317,0.8468791842460632,0.05952518992125988,6.95876952517422e-05
1282,0.001350942087204506,0.846269279718399,0.05951567925512791,6.942267560803286e-05
1283,0.0012811879278160632,0.8439341187477112,0.05928114056587219,6.92577506312432e-05
1284,0.0015257528284564614,0.8466498255729675,0.05936772562563419,6.909292082376332e-05
1285,0.0011990168713964522,0.8449429273605347,0.059313369914889336,6.892818668769335e-05
1286,0.0012536795208385836,0.841486930847168,0.059200219810009,6.876354872484203e-05
1287,0.001302531435309599,0.8365459740161896,0.05911479517817497,6.859900743672521e-05
1288,0.00110602536976027,0.8362415432929993,0.059112366288900375,6.843456332456416e-05
1289,0.0011723129427991807,0.8465991318225861,0.05943408980965614,6.827021688928416e-05
1290,0.001138216854693989,0.8554710149765015,0.05965953879058361,6.810596863151293e-05
1291,0.0012246257392689586,0.8496018648147583,0.05944628641009331,6.794181905157916e-05
1292,0.0009642597481918832,0.8526808321475983,0.05952584370970726,6.777776864951097e-05
1293,0.0010462268837727606,0.8605543076992035,0.05964537337422371,6.761381792503432e-05
1294,0.0010924016823992133,0.8575491011142731,0.05957022309303284,6.744996737757156e-05
1295,0.0010035094164777547,0.8512240350246429,0.05928634665906429,6.72862175062398e-05
1296,0.000989773339824751,0.8409505784511566,0.059111338108778,6.712256880984964e-05
1297,0.0008860049128998071,0.8349455893039703,0.05904924310743809,6.695902178690334e-05
1298,0.0011611992958933115,0.8428179025650024,0.0592476911842823,6.679557693559351e-05
1299,0.0010260757893168677,0.8451137542724609,0.05928330309689045,6.663223475380153e-05
1300,0.0010596351833858837,0.8471238911151886,0.05934268794953823,6.646899573909597e-05
1301,0.0010943285985073696,0.8469945788383484,0.05934328772127628,6.63058603887312e-05
1302,0.0009979991397509973,0.8478625416755676,0.05939597822725773,6.61428291996458e-05
1303,0.0010069422520852338,0.8644849359989166,0.05978410132229328,6.597990266846106e-05
1304,0.0014937377127353102,0.8570632636547089,0.05953134596347809,6.58170812914794e-05
1305,0.0010935928924785305,0.8479830324649811,0.05929965898394585,6.565436556468298e-05
1306,0.001071781696130832,0.8467592895030975,0.059177715331315994,6.549175598373217e-05
1307,0.001311660084562997,0.847105085849762,0.05926087498664856,6.532925304396393e-05
1308,0.0010687532485462725,0.8535957932472229,0.05946348048746586,6.516685724039039e-05
1309,0.0011624895075025659,0.8525839149951935,0.05948207154870033,6.500456906769728e-05
1310,0.0011374459233290206,0.8532296121120453,0.0595526322722435,6.484238902024263e-05
1311,0.001260770174364249,0.8470788598060608,0.05935903266072273,6.468031759205492e-05
1312,0.0013908735515239339,0.8481914103031158,0.05939565785229206,6.451835527683183e-05
1313,0.0013614735410859187,0.8437324166297913,0.059229232370853424,6.435650256793866e-05
1314,0.0011684986432859052,0.8462790548801422,0.059384869411587715,6.419475995840683e-05
1315,0.001299652154557407,0.8400795459747314,0.05917107313871384,6.403312794093243e-05
1316,0.0013119333307258785,0.8507853448390961,0.05949077010154724,6.387160700787455e-05
1317,0.0011663351324386895,0.8484868705272675,0.05941905826330185,6.371019765125399e-05
1318,0.0011155173027267058,0.8426001667976379,0.059237511828541756,6.354890036275166e-05
1319,0.0011513730375251423,0.8440198600292206,0.059264713898301125,6.3387715633707e-05
1320,0.0013520832872018218,0.8468343913555145,0.05923537723720074,6.322664395511675e-05
1321,0.00147814480199789,0.8524663150310516,0.059481386095285416,6.306568581763313e-05
1322,0.0012727680538470547,0.8418702781200409,0.05912097916007042,6.290484171156253e-05
1323,0.0015205299908605714,0.856559544801712,0.05962127819657326,6.274411212686398e-05
1324,0.0014596243466561039,0.8441202640533447,0.05922738462686539,6.258349755314772e-05
1325,0.0013795366588359077,0.8498606383800507,0.05933592468500137,6.242299847967357e-05
1326,0.0010376499073269467,0.8455675542354584,0.05927865579724312,6.226261539534954e-05
1327,0.0009946035085401188,0.8476641774177551,0.05934922955930233,6.210234878873033e-05
1328,0.0012752953140685956,0.8432006239891052,0.05921696312725544,6.194219914801576e-05
1329,0.0013939253597830732,0.8371787369251251,0.05909901298582554,6.178216696104949e-05
1330,0.0011235495718816917,0.841513603925705,0.05917835980653763,6.162225271531727e-05
1331,0.001078244618838653,0.8396137654781342,0.05916759371757507,6.146245689794567e-05
1332,0.0011523578238363068,0.8322541117668152,0.05917685851454735,6.130277999570037e-05
1333,0.0010932844306807965,0.8354564905166626,0.0591070968657732,6.114322249498501e-05
1334,0.0010566066581911098,0.841346025466919,0.05924694798886776,6.098378488183934e-05
1335,0.0011618478456512094,0.8477517366409302,0.05927368253469467,6.0824467641938003e-05
1336,0.0011232891120016575,0.8485223352909088,0.059290919452905655,6.0665271260588965e-05
1337,0.0011824736817895125,0.8499676287174225,0.059394652023911476,6.050619622273198e-05
1338,0.0011631846233891945,0.8526511192321777,0.05953524447977543,6.034724301293718e-05
1339,0.0009264036392172178,0.8473002016544342,0.0593780018389225,6.0188412115403686e-05
1340,0.0011772207411316533,0.8348017036914825,0.05895032174885273,6.00297040139579e-05
1341,0.0011027358802190672,0.8367662131786346,0.058957530185580254,5.987111919205223e-05
1342,0.0012265716989835103,0.8324962258338928,0.05888359621167183,5.9712658132763504e-05
1343,0.0011772443152343233,0.837021678686142,0.05892285145819187,5.9554321318791676e-05
1344,0.0011579343893875678,0.8430291712284088,0.05910855159163475,5.9396109232458106e-05
1345,0.0009104704950004816,0.8427137136459351,0.059069396927952766,5.9238022355704233e-05
1346,0.0010090209058641146,0.8372731804847717,0.05895345285534859,5.9080061170090095e-05
1347,0.0011203070656241227,0.8431248366832733,0.05915814824402332,5.892222615679284e-05
1348,0.001074416902459537,0.8378629088401794,0.05899536609649658,5.876451779660537e-05
1349,0.0010107129249566544,0.8456089496612549,0.059190524742007256,5.860693656993465e-05
1350,0.0011210011822792392,0.8417200148105621,0.05908673815429211,5.844948295680042e-05
1351,0.000997636205283925,0.8431808054447174,0.05913759581744671,5.829215743683366e-05
1352,0.000922114656229193,0.8435481488704681,0.059157611802220345,5.813496048927527e-05
1353,0.0008841240778565407,0.8384274840354919,0.05903393588960171,5.797789259297436e-05
1354,0.0009901202671850722,0.836296021938324,0.05895254202187061,5.7820954226387006e-05
1355,0.001266271419202288,0.8285035789012909,0.05880494974553585,5.766414586757461e-05
1356,0.0012212326982989907,0.8350149691104889,0.05895097553730011,5.750746799420275e-05
1357,0.0012796711331854265,0.8305014967918396,0.058761926367878914,5.735092108353934e-05
1358,0.0012518413908158739,0.8414816856384277,0.05908356420695782,5.719450561245342e-05
1359,0.0010245894469941657,0.8430375456809998,0.059133755043148994,5.7038222057413654e-05
1360,0.001179473028363039,0.8482648432254791,0.05931168794631958,5.688207089448679e-05
1361,0.0010489564156159759,0.8440321385860443,0.05919552221894264,5.672605259933644e-05
1362,0.0009128547681029886,0.8458331227302551,0.05915907584130764,5.657016764722136e-05
1363,0.0009357488500730445,0.849107563495636,0.05922987498342991,5.641441651299414e-05
1364,0.0009344155550934374,0.8465840816497803,0.059176528826355934,5.625879967109974e-05
1365,0.0008623813046142459,0.8411625921726227,0.059129202738404274,5.610331759557403e-05
1366,0.0012436530378181487,0.8445718884468079,0.059112412855029106,5.5947970760042425e-05
1367,0.0009290971890247116,0.8548829853534698,0.05943340063095093,5.5792759637718306e-05
1368,0.0010756410871787618,0.8436209559440613,0.059006836265325546,5.5637684701401665e-05
1369,0.0008143978387427827,0.8366712331771851,0.05883008986711502,5.5482746423477614e-05
1370,0.0008502909234569719,0.8415526449680328,0.05911685898900032,5.53279452759151e-05
1371,0.0008544699327709774,0.8355266451835632,0.059015192091464996,5.5173281730265224e-05
1372,0.0009618209830174843,0.8414937555789948,0.05923917517066002,5.501875625765996e-05
1373,0.0008841642702464014,0.8491910398006439,0.05949667654931545,5.48643693288107e-05
1374,0.0010183036307959508,0.8514319956302643,0.05951731652021408,5.471012141400677e-05
1375,0.0010292965453118086,0.8432150781154633,0.059204766526818275,5.455601298311415e-05
1376,0.0009952094405889511,0.8441952764987946,0.05914781428873539,5.440204450557378e-05
1377,0.0008993745044184228,0.8406416177749634,0.05911296792328358,5.424821645040038e-05
1378,0.0008828300245416661,0.8402184247970581,0.059063760563731194,5.4094529286180836e-05
1379,0.0008584260358475149,0.8413165211677551,0.059110550209879875,5.394098348107296e-05
1380,0.0009181331067035595,0.8471924960613251,0.05935281701385975,5.3787579502803896e-05
1381,0.0009533864407179257,0.8449451327323914,0.05914977751672268,5.3634317818668696e-05
1382,0.0008471881155855954,0.8421076834201813,0.059071486815810204,5.348119889552914e-05
1383,0.0008168645144905895,0.839896559715271,0.058981070294976234,5.332822319981195e-05
1384,0.0009247125320446988,0.8377808332443237,0.05882909707725048,5.31753911975076e-05
1385,0.0008213058560310552,0.8434885442256927,0.058948954567313194,5.3022703354168956e-05
1386,0.000810827147991707,0.8428667783737183,0.058977408334612846,5.2870160134909626e-05
1387,0.0008923783025238663,0.8375936150550842,0.058912258595228195,5.271776200440268e-05
1388,0.001037181510279576,0.8356114625930786,0.05892482399940491,5.256550942687932e-05
1389,0.0010154503009592493,0.8432290852069855,0.05916260927915573,5.241340286612726e-05
1390,0.0009850346541497856,0.8524184823036194,0.05932597443461418,5.226144278548947e-05
1391,0.0009871260651076834,0.8502494096755981,0.059211913496255875,5.2109629647862704e-05
1392,0.0009857886761892587,0.8455777764320374,0.05915246158838272,5.195796391569608e-05
1393,0.000904543703654781,0.8355971872806549,0.05888045020401478,5.180644605098979e-05
1394,0.0009996708443698783,0.8387276530265808,0.05895365588366985,5.165507651529349e-05
1395,0.0008548905219261845,0.8353517055511475,0.058867793530225754,5.1503855769705036e-05
1396,0.0009014902946849664,0.8334446251392365,0.05881035700440407,5.135278427486904e-05
1397,0.000984815686630706,0.8425214886665344,0.05900388024747372,5.120186249097544e-05
1398,0.0008576537074986845,0.8445645272731781,0.05898912809789181,5.105109087775825e-05
1399,0.0010168921435251832,0.8502902984619141,0.05923698842525482,5.09004698944939e-05
1400,0.0010752506689944614,0.8511552810668945,0.05934670753777027,5.075000000000002e-05
1401,0.0012298082583583891,0.8541038930416107,0.05942057445645332,5.059968165263398e-05
1402,0.001183978116993482,0.840902715921402,0.05903386138379574,5.044951531029161e-05
1403,0.0011422070383559912,0.8364332020282745,0.05889464542269707,5.0299501430405594e-05
1404,0.001091164080814148,0.8358274698257446,0.05881022848188877,5.014964046994422e-05
1405,0.00107582364580594,0.8348646461963654,0.05881083011627197,4.999993288540997e-05
1406,0.0009613263149124881,0.8396577835083008,0.05887250043451786,4.985037913283805e-05
1407,0.0008574515619936088,0.8394910097122192,0.05890994518995285,4.970097966779524e-05
1408,0.0008312415351004651,0.8388590812683105,0.058923544362187386,4.955173494537815e-05
1409,0.0008880189367725203,0.843325674533844,0.059021465480327606,4.940264542021211e-05
1410,0.000952796321750308,0.8490612804889679,0.059157297015190125,4.92537115464496e-05
1411,0.0008466022069721172,0.8448245227336884,0.05907035619020462,4.910493377776914e-05
1412,0.0008259865280706435,0.8450678586959839,0.05904487892985344,4.895631256737356e-05
1413,0.0008589458496620258,0.8441375195980072,0.059000421315431595,4.880784836798885e-05
1414,0.0007809670253967246,0.8470656275749207,0.05915391817688942,4.865954163186269e-05
1415,0.0008984541442866126,0.8428109586238861,0.05902113951742649,4.8511392810763094e-05
1416,0.001002708663387845,0.8413427770137787,0.05901326239109039,4.836340235597714e-05
1417,0.0010317158982312928,0.8397383689880371,0.05899675190448761,4.8215570718309375e-05
1418,0.0009590561482279251,0.8369967639446259,0.0589285921305418,4.806789834808058e-05
1419,0.0010268034141821165,0.838691771030426,0.05885687656700611,4.7920385695126474e-05
1420,0.0009555308885561923,0.8491378724575043,0.05911266431212425,4.7773033208796124e-05
1421,0.0011850884184241295,0.851841539144516,0.059294234961271286,4.762584133795074e-05
1422,0.0012447354674804956,0.8495490849018097,0.05920083820819855,4.7478810530962357e-05
1423,0.0010799178174541642,0.8460899293422699,0.05909978412091732,4.733194123571228e-05
1424,0.0009763387594527254,0.8465634882450104,0.059231581166386604,4.718523389958981e-05
1425,0.0009731075551826507,0.8371529281139374,0.058920664712786674,4.703868896949101e-05
1426,0.0009100022725760937,0.839360922574997,0.058878038078546524,4.689230689181712e-05
1427,0.0008081779136167219,0.8419424295425415,0.05899032950401306,4.674608811247333e-05
1428,0.0008655605876507858,0.8441414535045624,0.05906149372458458,4.66000330768674e-05
1429,0.0007950795892005166,0.84133180975914,0.05904000252485275,4.645414222990826e-05
1430,0.0008274242087888221,0.8486849069595337,0.05923011340200901,4.6308416016004805e-05
1431,0.0009752888872753829,0.8440566956996918,0.05914839543402195,4.616285487906432e-05
1432,0.0008143162510047356,0.847741037607193,0.059219641610980034,4.601745926249126e-05
1433,0.000945355937195321,0.8406388163566589,0.05907217599451542,4.5872229609185876e-05
1434,0.000896064176534613,0.8437531590461731,0.05916829593479633,4.572716636154294e-05
1435,0.0008802317800776412,0.8450875282287598,0.05917266197502613,4.558226996145021e-05
1436,0.0010053003400874634,0.8459325134754181,0.059221554547548294,4.543754085028727e-05
1437,0.0008903777246208241,0.8408808708190918,0.059121016412973404,4.529297946892409e-05
1438,0.0007416059379465878,0.8442662060260773,0.05921775661408901,4.514858625771967e-05
1439,0.0007562973963407179,0.8356488943099976,0.059022825211286545,4.500436165652084e-05
1440,0.0009059927542693913,0.8420518040657043,0.059158824384212494,4.48603061046607e-05
1441,0.0008607179042883217,0.8415854573249817,0.05905803665518761,4.471642004095747e-05
1442,0.0008397360797971487,0.8395546972751617,0.058969615027308464,4.457270390371303e-05
1443,0.0008467391113905857,0.8470764756202698,0.05914975702762604,4.442915813071165e-05
1444,0.0008709920512046665,0.8465373814105988,0.05918070301413536,4.428578315921868e-05
1445,0.0007281326591813316,0.8438124358654022,0.05902833677828312,4.414257942597915e-05
1446,0.0008569149843727549,0.8424701690673828,0.05903386510908604,4.399954736721645e-05
1447,0.0009184534525653968,0.8381395936012268,0.058912429958581924,4.3856687418631e-05
1448,0.0007234754739329219,0.8357762694358826,0.05883452109992504,4.3714000015399054e-05
1449,0.0008154853421729058,0.8384206891059875,0.05890532396733761,4.3571485592171155e-05
1450,0.000853276530203099,0.8477740287780762,0.05911198444664478,4.342914458307094e-05
1451,0.0007524020523608973,0.8434087038040161,0.05899223871529102,4.328697742169381e-05
1452,0.0009721118355325112,0.8411050736904144,0.05895327962934971,4.3144984541105576e-05
1453,0.0007372705925566455,0.8404688537120819,0.05893096886575222,4.300316637384123e-05
1454,0.0009620562195777893,0.8424149453639984,0.05901532620191574,4.2861523351903476e-05
1455,0.0008151950508666536,0.8393962383270264,0.05896234139800072,4.272005590676149e-05
1456,0.0007647976259856174,0.8421273231506348,0.059028489515185356,4.257876446934971e-05
1457,0.0008035045757424086,0.843635231256485,0.05908598005771637,4.2437649470066324e-05
1458,0.0007275578876336416,0.8463170230388641,0.05900004506111145,4.2296711338772055e-05
1459,0.0008870433860768875,0.8467735946178436,0.05896209366619587,4.215595050478896e-05
1460,0.0009012940378549198,0.8479340672492981,0.05911288969218731,4.201536739689893e-05
1461,0.0009193762865227958,0.8380266726016998,0.058920541778206825,4.187496244334244e-05
1462,0.0009085829272711029,0.838912159204483,0.05904211662709713,4.1734736071817414e-05
1463,0.0009305274773699542,0.8418627977371216,0.0590540561825037,4.159468870947765e-05
1464,0.0008508665487170219,0.8411143720149994,0.059000127017498016,4.145482078293171e-05
1465,0.0008344984380528331,0.8380569517612457,0.05881297402083874,4.1315132718241555e-05
1466,0.0009291643897692362,0.8461402356624603,0.05896642804145813,4.1175624940921215e-05
1467,0.00099048037858059,0.8467942476272583,0.05905805341899395,4.103629787593565e-05
1468,0.0008416634518653154,0.8434922397136688,0.05904034525156021,4.089715194769922e-05
1469,0.0010217189458974947,0.8391173779964447,0.0589732825756073,4.075818758007455e-05
1470,0.000921938995209833,0.8389512300491333,0.05899799428880215,4.0619405196371185e-05
1471,0.0008679531747475266,0.838235080242157,0.05896236561238766,4.0480805219344393e-05
1472,0.0008471093509191027,0.8388538658618927,0.05892365239560604,4.0342388071193704e-05
1473,0.0008422121463809162,0.8387720882892609,0.05888816714286804,4.0204154173561765e-05
1474,0.0007240184640977532,0.8377895057201385,0.05880938097834587,4.0066103947532994e-05
1475,0.0008303936435064921,0.8355843424797058,0.0588025338947773,3.992823781363229e-05
1476,0.0008658606869479021,0.842604398727417,0.05889756977558136,3.979055619182387e-05
1477,0.000886279420228675,0.847642570734024,0.059077467769384384,3.965305950150981e-05
1478,0.00089704020259281,0.8536090552806854,0.059264909476041794,3.951574816152886e-05
1479,0.0009326892128835121,0.8539506793022156,0.059258002787828445,3.9378622590155145e-05
1480,0.0008603237802162766,0.8488456904888153,0.059065159410238266,3.9241683205097e-05
1481,0.0009431131669164946,0.8424598872661591,0.058946575969457626,3.910493042349552e-05
1482,0.000810780426642547,0.8395382761955261,0.0589812770485878,3.8968364661923376e-05
1483,0.0008776267738236735,0.8444052636623383,0.05902010202407837,3.883198633638359e-05
1484,0.0009629443423667302,0.8509777188301086,0.05919558368623257,3.8695795862308125e-05
1485,0.0007856116377903769,0.8497306108474731,0.05915600806474686,3.855979365455687e-05
1486,0.0008788267150521278,0.8457037508487701,0.05904401279985905,3.842398012741609e-05
1487,0.000992179469903931,0.8393491208553314,0.05891067162156105,3.828835569459737e-05
1488,0.0009233456512447447,0.8377914428710938,0.058876799419522285,3.815292076923621e-05
1489,0.0009177874502105018,0.84363654255867,0.05916611850261688,3.801767576389089e-05
1490,0.0010122467356268317,0.8539190888404846,0.05926855280995369,3.788262109054119e-05
1491,0.00090062561018082,0.8469508588314056,0.059081435203552246,3.774775716058705e-05
1492,0.000848137375821049,0.8417612016201019,0.05893610790371895,3.7613084384847336e-05
1493,0.0008544009663940718,0.8463996350765228,0.059127653017640114,3.747860317355877e-05
1494,0.0007906186510808766,0.843238353729248,0.059049416333436966,3.734431393637439e-05
1495,0.000788950021766747,0.8455230295658112,0.059052689000964165,3.721021708236247e-05
1496,0.0008263319517330577,0.842570036649704,0.058987122029066086,3.707631302000537e-05
1497,0.0008387780593087276,0.8414973616600037,0.05899626761674881,3.694260215719803e-05
1498,0.0007916924078017473,0.8428158164024353,0.05908837355673313,3.6809084901246914e-05
1499,0.0008045620343182236,0.8448725938796997,0.059037359431385994,3.6675761658868785e-05
1500,0.0008256287643841157,0.845138669013977,0.05902745947241783,3.654263283618933e-05
1501,0.0007822824021180471,0.8522971570491791,0.05927843041718006,3.6409698838742046e-05
1502,0.0008693216950632632,0.8533892631530762,0.05927552469074726,3.62769600714669e-05
1503,0.0009310795188260575,0.8475027084350586,0.05908273719251156,3.6144416938709264e-05
1504,0.000759726690982158,0.8445339500904083,0.05906483344733715,3.6012069844218476e-05
1505,0.000727809407787087,0.8453033566474915,0.059004539623856544,3.5879919191146734e-05
1506,0.000690434486993278,0.8473719954490662,0.05905999056994915,3.574796538204784e-05
1507,0.000718452453535671,0.8492065370082855,0.0591758880764246,3.561620881887597e-05
1508,0.0007237008830998093,0.847294956445694,0.05911939963698387,3.5484649902984505e-05
1509,0.0007447492389474064,0.8443139493465424,0.05911550857126713,3.53532890351247e-05
1510,0.0008431806054431945,0.8410187065601349,0.059075722470879555,3.522212661544454e-05
1511,0.0008136780719117572,0.8394216001033783,0.05900823324918747,3.509116304348746e-05
1512,0.000941973829564328,0.847834050655365,0.05913805589079857,3.496039871819128e-05
1513,0.0007641738920938224,0.8514336347579956,0.05930234119296074,3.48298340378868e-05
1514,0.0007460743751532087,0.8513378202915192,0.05930615775287151,3.4699469400296655e-05
1515,0.0008037789181495706,0.8510519564151764,0.05929267592728138,3.456930520253414e-05
1516,0.0008512365748174489,0.8483803570270538,0.05929967947304249,3.443934184110196e-05
1517,0.0007906694760701308,0.850656121969223,0.059316955506801605,3.430957971189111e-05
1518,0.0007378049097800007,0.852977454662323,0.059338925406336784,3.418001921017949e-05
1519,0.0006934042903594673,0.847320020198822,0.05924617499113083,3.4050660730630874e-05
1520,0.0008017807073580722,0.8433527946472168,0.059194425120949745,3.3921504667293635e-05
1521,0.0006996374480271091,0.8444941639900208,0.05922489054501057,3.379255141359949e-05
1522,0.0007746641155487547,0.8515451848506927,0.05939338542521,3.366380136236249e-05
1523,0.0006682164918553705,0.85227370262146,0.05940654128789902,3.3535254905777574e-05
1524,0.0007275724783539772,0.84649658203125,0.05928834155201912,3.3406912435419556e-05
1525,0.0007176678821754953,0.8474577069282532,0.059274155646562576,3.3278774342241805e-05
1526,0.0007791452905318389,0.8435767590999603,0.05918136052787304,3.315084101657527e-05
1527,0.0007128925256741544,0.8413260281085968,0.05908685736358166,3.3023112848126994e-05
1528,0.0006888656644150615,0.8534325957298279,0.059364644810557365,3.289559022597913e-05
1529,0.0007510693685617298,0.8468971848487854,0.05915757454931736,3.276827353858768e-05
1530,0.000737343929358758,0.8419023156166077,0.05904270522296429,3.2641163173781414e-05
1531,0.0008490152249578387,0.8442032635211945,0.05900835618376732,3.25142595187605e-05
1532,0.0006997544454255452,0.8517674207687378,0.059318289160728455,3.238756296009547e-05
1533,0.0007815261681874593,0.8468547761440277,0.05920380540192127,3.2261073883726063e-05
1534,0.0007587057092071822,0.8419374525547028,0.05901863053441048,3.2134792674959926e-05
1535,0.0007132854370865971,0.8404426574707031,0.0590017382055521,3.200871971847146e-05
1536,0.0006477309119266769,0.8442681729793549,0.05912958271801472,3.1882855398300855e-05
1537,0.000702186836861074,0.8480351269245148,0.05924773029983044,3.1757200097852595e-05
1538,0.0006824143541355928,0.8480387032032013,0.05926056392490864,3.1631754199894536e-05
1539,0.0006308590527623892,0.8451515734195709,0.05918171443045139,3.15065180865566e-05
1540,0.0006577582389581949,0.8436858355998993,0.05918032117187977,3.138149213932976e-05
1541,0.0006358517275657505,0.8412746787071228,0.0590684711933136,3.125667673906473e-05
1542,0.0006089515324371556,0.8434470593929291,0.05910603329539299,3.1132072265970835e-05
1543,0.0006360112553617606,0.8440365493297577,0.05919954180717468,3.100767909961493e-05
1544,0.0006437578510182599,0.851769745349884,0.05942777916789055,3.088349761892013e-05
1545,0.0007450204866472632,0.8452227413654327,0.05925966240465641,3.0759528202164836e-05
1546,0.0007320356962736696,0.8451046049594879,0.059216126799583435,3.063577122698134e-05
1547,0.00066696039478605,0.8485759198665619,0.059268612414598465,3.0512227070354878e-05
1548,0.0006972392923974743,0.8420755565166473,0.0591279361397028,3.0388896108622328e-05
1549,0.0006613208679482341,0.8458065986633301,0.05910757556557655,3.0265778717471242e-05
1550,0.0006856027854761729,0.8430778384208679,0.05907133035361767,3.014287527193853e-05
1551,0.0006907247055399542,0.8452134430408478,0.05914775840938091,3.0020186146409397e-05
1552,0.0007253440950686733,0.8467584848403931,0.05919789522886276,2.9897711714616192e-05
1553,0.0006722779071424156,0.8506177663803101,0.05917251482605934,2.9775452349637252e-05
1554,0.0007131893653422594,0.8445321917533875,0.05904337204992771,2.965340842389586e-05
1555,0.0006047783244866878,0.8443478047847748,0.05905177444219589,2.9531580309158947e-05
1556,0.000622427479053537,0.8392735123634338,0.05894213728606701,2.940996837653609e-05
1557,0.0006488068514348319,0.8394603431224823,0.05900820158421993,2.9288572996478283e-05
1558,0.0006368565276109924,0.8414727747440338,0.05914805643260479,2.9167394538776968e-05
1559,0.0006644702128445109,0.8478388786315918,0.05924965254962444,2.9046433372562726e-05
1560,0.000712096894858405,0.8494587242603302,0.05931798182427883,2.892568986630423e-05
1561,0.0006232736632227898,0.8478500843048096,0.059228772297501564,2.8805164387807152e-05
1562,0.0007145094762866696,0.8446848094463348,0.059173090383410454,2.8684857304212967e-05
1563,0.0005955398082733154,0.843908041715622,0.059088317677378654,2.8564768981997975e-05
1564,0.0007220203018126389,0.839662104845047,0.05903441831469536,2.844489978697201e-05
1565,0.0007060314916695157,0.8418472409248352,0.05916103534400463,2.8325250084277404e-05
1566,0.0007129289054622253,0.8462044894695282,0.05926313251256943,2.8205820238387907e-05
1567,0.0007443698705174029,0.8475387096405029,0.05929988622665405,2.8086610613107567e-05
1568,0.0007367510406766087,0.8438817858695984,0.05914548225700855,2.7967621571569576e-05
1569,0.0006900738517288119,0.8375392556190491,0.059069935232400894,2.784885347623514e-05
1570,0.0008727168024051934,0.8352701961994171,0.059008415788412094,2.773030668889254e-05
1571,0.0006255470264780646,0.8439107239246368,0.05921246111392975,2.7611981570655825e-05
1572,0.0006865731556899846,0.8392060399055481,0.05903611518442631,2.7493878481963794e-05
1573,0.0007508661656174809,0.8369762599468231,0.05898801051080227,2.737599778257899e-05
1574,0.0007795473890534291,0.8414747714996338,0.0590978916734457,2.7258339831586437e-05
1575,0.0008228502119891346,0.8442181348800659,0.05924608185887337,2.7140904987392667e-05
1576,0.0006989213870838284,0.8407325446605682,0.05912986770272255,2.702369360772455e-05
1577,0.0007242717644354949,0.8370245397090912,0.058961328119039536,2.690670604962833e-05
1578,0.0006859357235953212,0.8372359871864319,0.05898227356374264,2.6789942669468377e-05
1579,0.0006648717389907688,0.8415571749210358,0.05906297639012337,2.667340382292618e-05
1580,0.000728023403401797,0.844873458147049,0.059142107143998146,2.6557089864999265e-05
1581,0.0006499246810562909,0.8469597697257996,0.059229886159300804,2.6441001150000166e-05
1582,0.0007411118616194775,0.842846155166626,0.059256428852677345,2.6325138031555217e-05
1583,0.0006845308234915137,0.8463881015777588,0.059264279901981354,2.620950086260357e-05
1584,0.0007203412533272058,0.8409598171710968,0.05914951488375664,2.6094089995396095e-05
1585,0.0006291840982157737,0.8427566587924957,0.059126583859324455,2.5978905781494284e-05
1586,0.0006343762894781927,0.8447142541408539,0.0590994730591774,2.5863948571769272e-05
1587,0.000583984850284954,0.8421133756637573,0.05908196419477463,2.574921871640065e-05
1588,0.0005941171354303757,0.8395912945270538,0.059030523523688316,2.5634716564875438e-05
1589,0.0006649473216384649,0.8409523069858551,0.05904610641300678,2.552044246598705e-05
1590,0.0007229079007326314,0.8418324291706085,0.05909278802573681,2.5406396767834188e-05
1591,0.0006696398874434332,0.8424517512321472,0.05912809073925018,2.529257981781987e-05
1592,0.000605377892497927,0.8399195373058319,0.05903550796210766,2.517899196265025e-05
1593,0.0006472883784833053,0.8373355865478516,0.05902526713907719,2.5065633548333625e-05
1594,0.00063775018012772,0.8418880105018616,0.05913815461099148,2.495250492017936e-05
1595,0.0007066233374644071,0.8395870625972748,0.05905299074947834,2.4839606422796924e-05
1596,0.0006445577503958096,0.8411974012851715,0.059132495895028114,2.4726938400094714e-05
1597,0.0005756161068954194,0.8414512276649475,0.059081144630908966,2.4614501195279037e-05
1598,0.0006073078499563659,0.8381681740283966,0.05900679901242256,2.4502295150853133e-05
1599,0.0006564945118346562,0.8420437276363373,0.05905526131391525,2.4390320608616043e-05
1600,0.0006971737408700088,0.8501678109169006,0.05929219350218773,2.42785779096617e-05
1601,0.0005984605959383771,0.8465165197849274,0.05923660472035408,2.4167067394377708e-05
1602,0.0005621169208704183,0.8429034352302551,0.05912826023995876,2.405578940244445e-05
1603,0.0007030038395896554,0.8470172882080078,0.05919315293431282,2.3944744272833956e-05
1604,0.0006918045595133057,0.8467490673065186,0.05922933854162693,2.3833932343808982e-05
1605,0.0007012804756717136,0.8464126884937286,0.05918922461569309,2.3723353952921883e-05
1606,0.0006436193264865627,0.8404156565666199,0.059027018025517464,2.361300943701357e-05
1607,0.0007265687260466317,0.8380445241928101,0.059012360870838165,2.3502899132212643e-05
1608,0.0006628734214852253,0.8431643545627594,0.05916375108063221,2.3393023373934137e-05
1609,0.0005816091579617932,0.8427041172981262,0.059118058532476425,2.328338249687867e-05
1610,0.0007123764662537724,0.845597118139267,0.05924547277390957,2.3173976835031398e-05
1611,0.0006022354452094684,0.8395540118217468,0.0590559896081686,2.3064806721660917e-05
1612,0.0006544331069259594,0.8392880856990814,0.05904425494372845,2.2955872489318304e-05
1613,0.0006490601614738504,0.842503696680069,0.0591441635042429,2.284717446983619e-05
1614,0.0006560850500439604,0.8437160551548004,0.059249913319945335,2.2738712994327527e-05
1615,0.0005819666403112933,0.8389395177364349,0.059136439114809036,2.2630488393184817e-05
1616,0.0007028353381125877,0.8380120396614075,0.05910930968821049,2.2522500996078948e-05
1617,0.0006157826913598304,0.8407573699951172,0.059143515303730965,2.241475113195824e-05
1618,0.0005999695470867058,0.8377556800842285,0.05904524028301239,2.2307239129047505e-05
1619,0.0005684100227275243,0.8396297097206116,0.05910469964146614,2.2199965314846946e-05
1620,0.0006086886957443008,0.8416523933410645,0.05909636802971363,2.2092930016131172e-05
1621,0.0006848012077777336,0.8418508172035217,0.05910664051771164,2.1986133558948297e-05
1622,0.0006208534177858382,0.842842161655426,0.059099024161696434,2.1879576268618807e-05
1623,0.0005730213160859421,0.8390061259269714,0.05896921269595623,2.1773258469734744e-05
1624,0.0005936346424277872,0.8442671000957489,0.059125492349267006,2.1667180486158538e-05
1625,0.0006055032475463425,0.8484125733375549,0.059326883405447006,2.1561342641022115e-05
1626,0.0006276945593223596,0.8372905850410461,0.0589604526758194,2.145574525672589e-05
1627,0.0006553496835598102,0.8426615595817566,0.05913568288087845,2.135038865493786e-05
1628,0.0005353158000313366,0.8415055274963379,0.059194646775722504,2.1245273156592473e-05
1629,0.0006356214386566231,0.8366300165653229,0.05898229032754898,2.1140399081889782e-05
1630,0.0006123510635613153,0.8397454619407654,0.05907624401152134,2.1035766750294388e-05
1631,0.0006147043701882163,0.8404877185821533,0.05906763672828674,2.0931376480534488e-05
1632,0.0006603501775922874,0.8404383063316345,0.059053683653473854,2.0827228590601033e-05
1633,0.0006993494268196324,0.8392768204212189,0.05913162603974342,2.0723323397746487e-05
1634,0.0005713749512021119,0.8427684307098389,0.059215277433395386,2.0619661218484124e-05
1635,0.0006149606294153879,0.8428894281387329,0.05930289253592491,2.0516242368586882e-05
1636,0.0006316560999645541,0.838341474533081,0.05907480977475643,2.0413067163086554e-05
1637,0.0006635481743918111,0.8462191224098206,0.059202827513217926,2.0310135916272696e-05
1638,0.0006537373798588911,0.840796023607254,0.059104325249791145,2.0207448941691732e-05
1639,0.0006630474769432718,0.8398125767707825,0.059098824858665466,2.010500655214599e-05
1640,0.000595920622193565,0.8417094945907593,0.05909990519285202,2.0002809059692742e-05
1641,0.0006057619272420803,0.836820662021637,0.05896875448524952,1.9900856775643314e-05
1642,0.0007359654506823669,0.8383593857288361,0.059050289914011955,1.979915001056202e-05
1643,0.0006901801389176399,0.8380137979984283,0.058968642726540565,1.9697689074265277e-05
1644,0.0006991658010520041,0.8371576964855194,0.058942075818777084,1.959647427582076e-05
1645,0.0006015163380652666,0.8426622748374939,0.05914745107293129,1.949550592354625e-05
1646,0.0006634979314791659,0.8376610279083252,0.05906957387924194,1.9394784325008848e-05
1647,0.0005773936961001406,0.8465650379657745,0.059351274743676186,1.929430978702405e-05
1648,0.0005602105423652878,0.8437899649143219,0.05926588736474514,1.9194082615654717e-05
1649,0.0006158418351939569,0.8454723954200745,0.05930383317172527,1.909410311621015e-05
1650,0.0006054998763526479,0.8439242243766785,0.05923028849065304,1.8994371593245308e-05
1651,0.0005439316155388951,0.842727541923523,0.059200624004006386,1.8894888350559674e-05
1652,0.0006033038468255351,0.8399535715579987,0.059099212288856506,1.879565369119645e-05
1653,0.0005485824318990732,0.8383945822715759,0.058995891362428665,1.8696667917441636e-05
1654,0.0005636062851408496,0.842953622341156,0.059116967022418976,1.8597931330823027e-05
1655,0.0006127317804687967,0.8411538600921631,0.059061937034130096,1.8499444232109438e-05
1656,0.0007383899355772883,0.8455709517002106,0.059181490913033485,1.8401206921309645e-05
1657,0.0005701678164768964,0.8466399610042572,0.05928640626370907,1.8303219697671508e-05
1658,0.0006979317307317009,0.8395074605941772,0.05907410569489002,1.820548285968109e-05
1659,0.0007135357494310787,0.8436779677867889,0.05917932093143463,1.810799670506181e-05
1660,0.0006939890639235576,0.8385652005672455,0.05906971916556358,1.801076153077336e-05
1661,0.000610992947864967,0.8335630893707275,0.05899014510214329,1.7913777633010945e-05
1662,0.0006054799062743162,0.8426895439624786,0.05916284956037998,1.7817045307204354e-05
1663,0.0006087801690834264,0.8381112515926361,0.059030747041106224,1.7720564848016985e-05
1664,0.000594006254686974,0.8391355574131012,0.059096913784742355,1.7624336549345107e-05
1665,0.0005648366059176624,0.843042254447937,0.059159817174077034,1.7528360704316776e-05
1666,0.0005407917002836863,0.8354555666446686,0.05895722098648548,1.7432637605291063e-05
1667,0.0005943974877785271,0.8371118307113647,0.059011269360780716,1.733716754385713e-05
1668,0.000608911708695814,0.8384260535240173,0.059069838374853134,1.724195081083332e-05
1669,0.000593764940276742,0.8354876935482025,0.05899280868470669,1.714698769626635e-05
1670,0.0006262253446038812,0.843896895647049,0.059219079092144966,1.705227848943032e-05
1671,0.0005524074028168494,0.8375349044799805,0.05906892940402031,1.69578234788259e-05
1672,0.0006318128628966709,0.8416686952114105,0.05913939327001572,1.686362295217942e-05
1673,0.0005774036350582415,0.8411110639572144,0.059107450768351555,1.676967719644205e-05
1674,0.0005497869957859317,0.8409623503684998,0.05911085568368435,1.6675986497788828e-05
1675,0.0006018376395028705,0.8445562124252319,0.05913218855857849,1.6582551141617894e-05
1676,0.0006271939685878655,0.8412730991840363,0.05905896611511707,1.6489371412549524e-05
1677,0.0006155894855813434,0.8417907655239105,0.059150455519557,1.639644759442532e-05
1678,0.0005452946303800369,0.8386230766773224,0.059054017066955566,1.6303779970307392e-05
1679,0.0005811420463336011,0.8380743563175201,0.05894836038351059,1.6211368822477375e-05
1680,0.0005304972631468748,0.8393696844577789,0.05897567979991436,1.6119214432435617e-05
1681,0.0006375081817774723,0.84169140458107,0.05902290157973766,1.6027317080900426e-05
1682,0.000588622244928653,0.8411236703395844,0.059044575318694115,1.5935677047807056e-05
1683,0.0005638104970178878,0.8386135697364807,0.05896265432238579,1.58442946123069e-05
1684,0.0005527813433824728,0.838197648525238,0.05892869085073471,1.5753170052766756e-05
1685,0.0005921185850941887,0.8394490778446198,0.0589899979531765,1.566230364676783e-05
1686,0.000578042347721445,0.8362060189247131,0.0589206013828516,1.5571695671104907e-05
1687,0.0005463774480934566,0.841008722782135,0.059049954637885094,1.548134640178566e-05
1688,0.0005442226441421857,0.8403152525424957,0.05905245617032051,1.5391256114029594e-05
1689,0.0006252443902970602,0.8420372009277344,0.05906797759234905,1.5301425082267347e-05
1690,0.0005811417795484886,0.8350986838340759,0.05892765522003174,1.5211853580139836e-05
1691,0.0006608158340289568,0.8404324352741241,0.059057680889964104,1.5122541880497366e-05
1692,0.0005812334081080431,0.8384379744529724,0.0589632261544466,1.503349025539889e-05
1693,0.0005989913091373941,0.8361630439758301,0.05895651876926422,1.49446989761111e-05
1694,0.0006161490261244277,0.8405194580554962,0.05906647630035877,1.485616831310762e-05
1695,0.0005661969965634247,0.839966207742691,0.05904593504965305,1.4767898536068183e-05
1696,0.0005641284660669044,0.8393762409687042,0.05904106795787811,1.4679889913877884e-05
1697,0.0005635067791445181,0.8410990834236145,0.05902757681906223,1.4592142714626223e-05
1698,0.0005490676315578943,0.8390101790428162,0.05906551331281662,1.4504657205606388e-05
1699,0.0005654369888361543,0.840020626783371,0.05902123637497425,1.4417433653314424e-05
1700,0.0005445742475179335,0.8358965516090393,0.05888076685369015,1.433047232344835e-05
1701,0.0005030712054576725,0.8366034030914307,0.05893987417221069,1.4243773480907527e-05
1702,0.0006227484749009212,0.8403885066509247,0.05903634987771511,1.4157337389791635e-05
1703,0.0006503222005752226,0.8389753103256226,0.05900838412344456,1.4071164313399988e-05
1704,0.0005391749873524532,0.8386074900627136,0.05905803665518761,1.3985254514230711e-05
1705,0.000559356834855862,0.8426469266414642,0.05912751331925392,1.3899608253979982e-05
1706,0.0005595600960077718,0.8402875065803528,0.059036435559391975,1.381422579354116e-05
1707,0.0006130128846659014,0.8399523198604584,0.059026872739195824,1.372910739300401e-05
1708,0.000522745234775357,0.8391726016998291,0.05903767980635166,1.3644253311653954e-05
1709,0.0005751475788808117,0.8422202169895172,0.05916156992316246,1.3559663807971214e-05
1710,0.0005939457720766465,0.8411025404930115,0.059106701985001564,1.3475339139630125e-05
1711,0.0006263238271155084,0.8396121561527252,0.05907421559095383,1.3391279563498235e-05
1712,0.0005326549047216153,0.8437272906303406,0.05919492617249489,1.3307485335635597e-05
1713,0.0005483135610120371,0.8401354551315308,0.0590287446975708,1.3223956711293944e-05
1714,0.0005205695730789254,0.8380151093006134,0.05899801477789879,1.3140693944915938e-05
1715,0.0005415630827580268,0.8415214419364929,0.05912216566503048,1.3057697290134457e-05
1716,0.000457083039994662,0.8428601622581482,0.0591267142444849,1.2974966999771674e-05
1717,0.0005673340056091547,0.8430842459201813,0.059144651517271996,1.2892503325838381e-05
1718,0.0005973714869469404,0.843261331319809,0.05921006388962269,1.281030651953328e-05
1719,0.0005798018052397916,0.8416489958763123,0.05912838317453861,1.272837683124207e-05
1720,0.0005293779734832545,0.8384031355381012,0.05904584564268589,1.2646714510536766e-05
1721,0.0005659567638455579,0.8384501934051514,0.05904027074575424,1.2565319806175002e-05
1722,0.0005533350098024433,0.841339647769928,0.05911787413060665,1.2484192966099149e-05
1723,0.000607597428218772,0.8401238322257996,0.05910545401275158,1.2403334237435615e-05
1724,0.0005980576097499579,0.8411351144313812,0.05907750874757767,1.2322743866494135e-05
1725,0.0004988434035719062,0.8402405679225922,0.05909661576151848,1.224242209876694e-05
1726,0.0005108839832246304,0.8399194478988647,0.059027230367064476,1.2162369178928077e-05
1727,0.000579130879486911,0.8402092456817627,0.05908617749810219,1.2082585350832579e-05
1728,0.00057383936655242,0.8421825170516968,0.05907290428876877,1.2003070857515898e-05
1729,0.0006116845033830032,0.8387560546398163,0.058982305228710175,1.1923825941192914e-05
1730,0.0004968505333332965,0.8394187688827515,0.059017373248934746,1.1844850843257407e-05
1731,0.0005137140202956895,0.8423627614974976,0.05911501683294773,1.1766145804281211e-05
1732,0.000524502577415357,0.8404532372951508,0.05907728523015976,1.1687711064013505e-05
1733,0.0005106914080291366,0.837752491235733,0.05906315892934799,1.1609546861380163e-05
1734,0.0005106848693685606,0.8378520607948303,0.05910290777683258,1.1531653434482873e-05
1735,0.0005198857931342596,0.8395874202251434,0.05917320027947426,1.1454031020598514e-05
1736,0.0005099439586047083,0.8404910266399384,0.05918200500309467,1.1376679856178418e-05
1737,0.0006260458224763473,0.8443105220794678,0.05919552221894264,1.1299600176847667e-05
1738,0.000582252920139581,0.8439038693904877,0.059195803478360176,1.1222792217404328e-05
1739,0.0004901397430027524,0.8445984125137329,0.05927160568535328,1.1146256211818756e-05
1740,0.00048046319958909106,0.8447360992431641,0.059244414791464806,1.1069992393232903e-05
1741,0.0005421918419112141,0.8433735072612762,0.05915938690304756,1.0994000993959562e-05
1742,0.0004898970704137658,0.8472917675971985,0.059251412749290466,1.0918282245481747e-05
1743,0.0005093566287541762,0.8466990888118744,0.059201089665293694,1.0842836378451892e-05
1744,0.0004738542969183375,0.8454563021659851,0.059169137850403786,1.076766362269119e-05
1745,0.0004807470492475356,0.8447615206241608,0.05918790586292744,1.069276420718889e-05
1746,0.0005383189612378677,0.8454406261444092,0.05915995128452778,1.0618138360101568e-05
1747,0.000523530199037244,0.8461645245552063,0.05919606424868107,1.0543786308752563e-05
1748,0.0005056667335641881,0.8410285413265228,0.059118736535310745,1.0469708279631076e-05
1749,0.0005696279598244777,0.8448967635631561,0.05919866822659969,1.039590449839163e-05
1750,0.0004844844467394675,0.8448947966098785,0.0591908972710371,1.0322375189853332e-05
1751,0.0005290856400582319,0.84507817029953,0.05915015563368797,1.0249120577999247e-05
1752,0.000546764267104057,0.8411515355110168,0.059050802141427994,1.0176140885975597e-05
1753,0.0005662666759841765,0.8402010500431061,0.059023087844252586,1.0103436336091199e-05
1754,0.0005483629405110454,0.8375783860683441,0.05898345820605755,1.0031007149816683e-05
1755,0.00046540355833712965,0.8383559286594391,0.059070268645882607,9.958853547783963e-06
1756,0.0005312942860958477,0.8409998118877411,0.05910362862050533,9.886975749785388e-06
1757,0.0005509584977213914,0.84388267993927,0.05920643173158169,9.815373974773195e-06
1758,0.0004637806414393708,0.8428871929645538,0.059134716168046,9.744048440858843e-06
1759,0.0005045852352244159,0.8430690765380859,0.05910217575728893,9.67299936531225e-06
1760,0.0005193517572479323,0.8390105664730072,0.059068480506539345,9.602226964561204e-06
1761,0.0004807538789464161,0.8429233729839325,0.0591188445687294,9.531731454190754e-06
1762,0.0005198690390291935,0.841269850730896,0.05907490476965904,9.46151304894244e-06
1763,0.0005141135528295612,0.8455090522766113,0.05920670926570892,9.391571962713681e-06
1764,0.000617488413505877,0.840842604637146,0.0591018944978714,9.321908408557158e-06
1765,0.000563245514058508,0.8452833592891693,0.05924606882035732,9.252522598680158e-06
1766,0.0005796005134470761,0.8429787158966064,0.059201741591095924,9.183414744443878e-06
1767,0.0005481047216259564,0.8425380289554596,0.05917015112936497,9.114585056362836e-06
1768,0.0004803464495732139,0.844275176525116,0.0592077411711216,9.04603374410418e-06
1769,0.0005267908563837409,0.8413430154323578,0.05912095867097378,8.977761016487102e-06
1770,0.0005455544208719706,0.8453640043735504,0.0592200867831707,8.909767081482183e-06
1771,0.0005069342199324941,0.8432313799858093,0.059186261147260666,8.842052146210746e-06
1772,0.0005179269937798381,0.8443219363689423,0.059205394238233566,8.77461641694421e-06
1773,0.0005020623211748898,0.8418565094470978,0.05916920676827431,8.707460099103487e-06
1774,0.0007215309597086161,0.8414734899997711,0.05917433463037014,8.640583397258402e-06
1775,0.0004901004237278054,0.8398215770721436,0.05912511609494686,8.573986515126971e-06
1776,0.0004984851548215374,0.845765233039856,0.05928652919828892,8.507669655574855e-06
1777,0.00046844101840785396,0.8440815508365631,0.059150075539946556,8.441633020614689e-06
1778,0.0005128037785956016,0.8410073518753052,0.0590684749186039,8.375876811405525e-06
1779,0.0004830520774703473,0.8420648872852325,0.05909828282892704,8.310401228252196e-06
1780,0.00043137979325062287,0.8426218330860138,0.05913983844220638,8.245206470604663e-06
1781,0.00045468500078034896,0.8426463305950165,0.05917484499514103,8.180292737057473e-06
1782,0.00046969252192260075,0.8423642814159393,0.05918414145708084,8.115660225349106e-06
1783,0.0005153453384991735,0.8449696898460388,0.05919842794537544,8.051309132361414e-06
1784,0.00049073230184149,0.8437182307243347,0.05917530506849289,7.987239654118992e-06
1785,0.0005257668090052903,0.8444308042526245,0.05924621783196926,7.923451985788566e-06
1786,0.00057326151484934,0.8425615429878235,0.05918251536786556,7.859946321678448e-06
1787,0.0005585633140678207,0.842007040977478,0.059137631207704544,7.796722855237886e-06
1788,0.00047672161599621177,0.841180682182312,0.059137146919965744,7.733781779056539e-06
1789,0.0004686638858402148,0.8451259732246399,0.059231484308838844,7.671123284863853e-06
1790,0.0004906002674639846,0.8416588604450226,0.0591585636138916,7.608747563528438e-06
1791,0.0005114878634534156,0.8454327583312988,0.059252673760056496,7.5466548050575664e-06
1792,0.00048147711883454275,0.8413284122943878,0.05914091132581234,7.484845198596563e-06
1793,0.0004771470363872747,0.8433563113212585,0.05911329761147499,7.423318932428207e-06
1794,0.0005848001940951993,0.8430367410182953,0.05910266004502773,7.36207619397216e-06
1795,0.0004969060537405312,0.8404732346534729,0.05904170498251915,7.301117169784442e-06
1796,0.0004986296601903936,0.8401564061641693,0.05910363979637623,7.240442045556801e-06
1797,0.0004600963632886608,0.840206503868103,0.059091564267873764,7.180051006116179e-06
1798,0.0005076332211804887,0.8408936858177185,0.05907527916133404,7.1199442354241855e-06
1799,0.000489651482591095,0.8424283564090729,0.059129538014531136,7.0601219165764456e-06
1800,0.0005472146052246293,0.8430897891521454,0.05909395590424538,7.000584231802123e-06
1801,0.0005002983768160144,0.8446349501609802,0.05915116146206856,6.941331362463313e-06
1802,0.0004477652255445719,0.8402948081493378,0.059027913957834244,6.882363489054567e-06
1803,0.0005322516468974451,0.843421995639801,0.0591315682977438,6.823680791202223e-06
1804,0.00047330489906016737,0.8439851999282837,0.05914647318422794,6.76528344766398e-06
1805,0.00044530552986543626,0.839515745639801,0.05898362211883068,6.707171636328246e-06
1806,0.000497259694384411,0.8432179391384125,0.05905383266508579,6.649345534213704e-06
1807,0.00046805246771934134,0.8372730910778046,0.05896865949034691,6.591805317468674e-06
1808,0.0004922894295305014,0.8418876528739929,0.059072159230709076,6.534551161370641e-06
1809,0.0005301135291423028,0.8397291004657745,0.05903446301817894,6.477583240325692e-06
1810,0.0004494962825750311,0.8445055782794952,0.05914432182908058,6.420901727867974e-06
1811,0.0004629890512054165,0.8397819399833679,0.059027791023254395,6.364506796659243e-06
1812,0.0004959955404046923,0.8449662327766418,0.059114934876561165,6.308398618488221e-06
1813,0.0005004026509899026,0.8392958343029022,0.05894209258258343,6.252577364270141e-06
1814,0.0005129356286488473,0.8435023427009583,0.05909281596541405,6.197043204046237e-06
1815,0.0005356103404968356,0.8391670286655426,0.059003984555602074,6.141796306983167e-06
1816,0.0005085393592404822,0.8383904993534088,0.05902061425149441,6.086836841372595e-06
1817,0.00046380618975187343,0.8397001326084137,0.05902670510113239,6.032164974630575e-06
1818,0.0004473369723806779,0.8401460349559784,0.05903065763413906,5.97778087329709e-06
1819,0.0004638863562528665,0.8418639898300171,0.05902725085616112,5.923684703035523e-06
1820,0.0005598024921103691,0.8398550450801849,0.05906502529978752,5.8698766286322235e-06
1821,0.0005851236880213643,0.8424247801303864,0.059082336723804474,5.816356813995902e-06
1822,0.0005217346042627469,0.8403931260108948,0.05904577672481537,5.76312542215721e-06
1823,0.0005480743129737675,0.8415902554988861,0.05911542475223541,5.710182615268175e-06
1824,0.00046968479970625293,0.8392452299594879,0.059071674942970276,5.657528554601781e-06
1825,0.0004547616505684952,0.8422521948814392,0.05911354161798954,5.6051634005514315e-06
1826,0.0005219478965348875,0.842351496219635,0.05909937433898449,5.553087312630456e-06
1827,0.0005075432757924622,0.8415761888027191,0.05910798721015453,5.501300449471663e-06
1828,0.0004504919537187864,0.8445953130722046,0.059222983196377754,5.449802968826809e-06
1829,0.00046070672397036105,0.8384095728397369,0.059041108936071396,5.398595027566153e-06
1830,0.0005260830124219259,0.840470016002655,0.059097426012158394,5.3476767816779745e-06
1831,0.00047129626909736544,0.8432303965091705,0.05912063829600811,5.2970483862680625e-06
1832,0.00046584797867884237,0.8399799764156342,0.05906384810805321,5.2467099955593094e-06
1833,0.0005058666623275107,0.8449944257736206,0.05922219157218933,5.196661762891178e-06
1834,0.0004819646953061844,0.8422621488571167,0.05913799628615379,5.146903840719242e-06
1835,0.0004489042767090723,0.8444262742996216,0.05926714278757572,5.097436380614792e-06
1836,0.0005091949230215201,0.8404439687728882,0.05902978405356407,5.048259533264278e-06
1837,0.0004993587014420579,0.840031623840332,0.05894304998219013,4.9993734484689e-06
1838,0.000423419905321983,0.840390533208847,0.05900584161281586,4.950778275144165e-06
1839,0.00043559498347652453,0.8441468775272369,0.059182239696383476,4.902474161319379e-06
1840,0.00044817724847234786,0.8414379954338074,0.05910607427358627,4.85446125413727e-06
1841,0.0004698055806026484,0.8417274057865143,0.05908681079745293,4.806739699853472e-06
1842,0.0005018633188835034,0.8436124324798584,0.05919719114899635,4.759309643836104e-06
1843,0.0005051931948401034,0.8432273864746094,0.059197140857577324,4.7121712305653585e-06
1844,0.0004589395345343898,0.8455526232719421,0.059305526316165924,4.665324603633019e-06
1845,0.0004385073067775617,0.8423234820365906,0.0591860506683588,4.618769905742016e-06
1846,0.00044405761582311243,0.8434053361415863,0.059092067182064056,4.5725072787060555e-06
1847,0.0004713650220461811,0.8430627584457397,0.059132710099220276,4.526536863449091e-06
1848,0.0004789509888117512,0.842664897441864,0.05919058993458748,4.480858800005015e-06
1849,0.000515397114213556,0.8443607091903687,0.05914026126265526,4.435473227517116e-06
1850,0.000481281298561953,0.8410280346870422,0.059107255190610886,4.390380284237714e-06
1851,0.00046246516770528007,0.8451963365077972,0.059194665402173996,4.345580107527724e-06
1852,0.000440175198794653,0.8425067663192749,0.05913008376955986,4.301072833856292e-06
1853,0.0005066981102572754,0.8471871018409729,0.05921477824449539,4.2568585988002655e-06
1854,0.000444021182678019,0.8430162966251373,0.059110503643751144,4.212937537043872e-06
1855,0.0004727315390482545,0.8443658649921417,0.059086261317133904,4.169309782378291e-06
1856,0.0004246855484476934,0.8414779305458069,0.059035273268818855,4.125975467701208e-06
1857,0.0004805955007517089,0.8409526944160461,0.059048695489764214,4.0829347250164875e-06
1858,0.0004776545683853328,0.8400866687297821,0.05897805653512478,4.040187685433683e-06
1859,0.0004541398472307871,0.8416760563850403,0.059042394161224365,3.997734479167697e-06
1860,0.0004456698273619016,0.8413771390914917,0.059041764587163925,3.955575235538351e-06
1861,0.0004398790479172021,0.8385037779808044,0.05899244174361229,3.9137100829700165e-06
1862,0.0004247385756267856,0.8415411710739136,0.05911421217024326,3.8721391489912215e-06
1863,0.0005276289787919571,0.8402007520198822,0.05904059670865536,3.83086256023422e-06
1864,0.0004616016085492447,0.8384371995925903,0.058979690074920654,3.7898804424346557e-06
1865,0.00047177251932832104,0.8404632806777954,0.05906079150736332,3.7491929204311823e-06
1866,0.0004767929543352996,0.8419943153858185,0.05915280058979988,3.70880011816505e-06
1867,0.0004751582455355674,0.8431408107280731,0.059163784608244896,3.66870215867973e-06
1868,0.0004546708078123629,0.841091126203537,0.05913479998707771,3.6288991641205515e-06
1869,0.0005314468532257403,0.8415641188621521,0.05913440138101578,3.58939125573437e-06
1870,0.0004663102299673483,0.8399935066699982,0.0590610820800066,3.550178553869104e-06
1871,0.0005111080536153167,0.8428854942321777,0.05917435884475708,3.5112611779734355e-06
1872,0.0005135617345028246,0.8441305756568909,0.05918469280004501,3.472639246596455e-06
1873,0.0004934288202396905,0.8441581130027771,0.05923551693558693,3.434312877387269e-06
1874,0.00048210395228428143,0.8432152271270752,0.05912109091877937,3.3962821870946304e-06
1875,0.0004459838819457218,0.844077467918396,0.05913437716662884,3.35854729156663e-06
1876,0.0005203418356056014,0.8435242176055908,0.05912690795958042,3.321108305750292e-06
1877,0.00046772969168766093,0.8431343138217926,0.05907293222844601,3.283965343691269e-06
1878,0.0004247220349498093,0.8400477170944214,0.059065081179142,3.2471185185334608e-06
1879,0.0005524047883227468,0.8402017951011658,0.05907350592315197,3.21056794251868e-06
1880,0.00044803955825045705,0.842298150062561,0.059134844690561295,3.1743137269863337e-06
1881,0.0005255143866331006,0.8406113982200623,0.059069570153951645,3.138355982373048e-06
1882,0.0004643472348107025,0.8426626920700073,0.059128256514668465,3.102694818212343e-06
1883,0.0005114370287628844,0.8425722122192383,0.05919855646789074,3.067330343134297e-06
1884,0.0004913490217101449,0.8402367532253265,0.0590955950319767,3.032262664865267e-06
1885,0.0004738748151188095,0.8406341969966888,0.059095123782753944,2.997491890227456e-06
1886,0.0004354208310057099,0.8430207073688507,0.059108151122927666,2.9630181251386854e-06
1887,0.0005741904848643268,0.8390544354915619,0.05901077762246132,2.928841474612006e-06
1888,0.00048345477747110027,0.8413058221340179,0.05906352400779724,2.894962042755443e-06
1889,0.0004623518616426736,0.8408573865890503,0.05913478881120682,2.8613799327716096e-06
1890,0.00045053002152902383,0.842926025390625,0.05915963463485241,2.8280952469574344e-06
1891,0.0005294657409346352,0.8433175384998322,0.059180835261940956,2.795108086703858e-06
1892,0.000412039856504028,0.8413459062576294,0.059047432616353035,2.7624185524954833e-06
1893,0.0004856355032340313,0.8392052948474884,0.058950502425432205,2.730026743910286e-06
1894,0.0005292274193683019,0.8398285508155823,0.059071337804198265,2.697932759619361e-06
1895,0.00052107751253061,0.8407680094242096,0.059068379923701286,2.6661366973865268e-06
1896,0.00046847176175409305,0.8398979306221008,0.05901508778333664,2.6346386540681124e-06
1897,0.0004827858550318827,0.8390336036682129,0.059051960706710815,2.6034387256126057e-06
1898,0.0005343486166869601,0.8373507857322693,0.05893421545624733,2.572537007060433e-06
1899,0.00046932915089807164,0.8370226621627808,0.058944033458828926,2.541933592543559e-06
1900,0.00047621144525085885,0.8386840224266052,0.05900957994163036,2.511628575285302e-06
1901,0.00042907047221281874,0.8385808169841766,0.059012388810515404,2.4816220476e-06
1902,0.00039905863620030385,0.8388205766677856,0.05906958132982254,2.4519141008927364e-06
1903,0.00048581575295732665,0.8415288925170898,0.059162601828575134,2.422504825659073e-06
1904,0.0004909953374105195,0.8405736088752747,0.059071965515613556,2.3933943114847655e-06
1905,0.0004601993811472009,0.839579850435257,0.05911504477262497,2.3645826470454717e-06
1906,0.00043315637837319326,0.8426675498485565,0.05912095494568348,2.336069920106548e-06
1907,0.0004904663025323922,0.8411977589130402,0.0591258630156517,2.307856217522679e-06
1908,0.000459330757924666,0.8408730924129486,0.05909159779548645,2.2799416252377034e-06
1909,0.0004829996032640338,0.8383300304412842,0.0589657761156559,2.2523262282843162e-06
1910,0.00045284023508429527,0.839148223400116,0.05896453559398651,2.225010110783803e-06
1911,0.0005074938429364314,0.8377963304519653,0.05898226983845234,2.197993355945785e-06
1912,0.0004276196947709347,0.8419627845287323,0.05908237583935261,2.171276046067998e-06
1913,0.00044287727602447074,0.8398795425891876,0.05897441320121288,2.1448582625359864e-06
1914,0.00047277456906158477,0.8393126428127289,0.05896775424480438,2.1187400858229223e-06
1915,0.00045451451539217186,0.8390995860099792,0.059078024700284004,2.092921595489276e-06
1916,0.0004962033029490461,0.8417001068592072,0.0590803325176239,2.067402870182661e-06
1917,0.0004740934624957542,0.8442299664020538,0.05912797711789608,2.0421839876375364e-06
1918,0.0004912312142550945,0.8443208634853363,0.0591823011636734,2.017265024674996e-06
1919,0.0004758638533530757,0.8460263907909393,0.05927510745823383,1.992646057202525e-06
1920,0.00045563451809963834,0.843347579240799,0.05921056121587753,1.9683271602137493e-06
1921,0.00045527610442756367,0.8437273502349854,0.05911136046051979,1.944308407788275e-06
1922,0.00044587888987734914,0.8423044979572296,0.05906230956315994,1.920589873091362e-06
1923,0.00048799372840827954,0.8414245843887329,0.059033676981925964,1.89717162837379e-06
1924,0.0004556361770179744,0.8414658308029175,0.05903153494000435,1.8740537449716026e-06
1925,0.00043357236912318814,0.8408282995223999,0.05901512876152992,1.851236293305867e-06
1926,0.0004894864735736822,0.8406772911548615,0.059005990624427795,1.8287193428825063e-06
1927,0.00048719161228897673,0.8397463858127594,0.05899554863572121,1.806502962292058e-06
1928,0.00046740627052107203,0.8354822099208832,0.05890733376145363,1.7845872192094625e-06
1929,0.00040067138615995646,0.8383371233940125,0.0590687096118927,1.7629721803938764e-06
1930,0.00044127245200797915,0.840107262134552,0.059125443920493126,1.7416579116884625e-06
1931,0.0004836536196914191,0.8393992483615875,0.05905158258974552,1.7206444780201692e-06
1932,0.0004831335342411573,0.839963972568512,0.05907236225903034,1.6999319433995742e-06
1933,0.00043580187290596467,0.8421530425548553,0.05918751657009125,1.6795203709206437e-06
1934,0.0004846339822203542,0.8419980704784393,0.05910366028547287,1.6594098227605536e-06
1935,0.0004330522060627118,0.8440354764461517,0.05916450545191765,1.639600360179548e-06
1936,0.0004834782109052564,0.8446530401706696,0.05918433144688606,1.6200920435206614e-06
1937,0.0004503272599928702,0.840040922164917,0.05909057892858982,1.6008849322096302e-06
1938,0.00044187357222350937,0.8397365510463715,0.059048570692539215,1.5819790847546185e-06
1939,0.0004928602575091645,0.8427864611148834,0.059164706617593765,1.563374558746138e-06
1940,0.0004280275510003169,0.8429693281650543,0.05915714241564274,1.5450714108568078e-06
1941,0.0004533574150021498,0.8424476087093353,0.05915411375463009,1.527069696841175e-06
1942,0.0004761911162252848,0.8439828455448151,0.05920289270579815,1.5093694715355732e-06
1943,0.00040702758997213095,0.843571126461029,0.059132691472768784,1.4919707888579893e-06
1944,0.00038559197855647653,0.8451444506645203,0.05921175330877304,1.4748737018077972e-06
1945,0.0004331533273216337,0.8416303992271423,0.059078073129057884,1.4580782624657042e-06
1946,0.0004283082331918801,0.8425648808479309,0.059061942622065544,1.4415845219935404e-06
1947,0.00047797673808721203,0.8441718220710754,0.059132782742381096,1.4253925306340818e-06
1948,0.0004570831370074302,0.8427172303199768,0.059107473120093346,1.4095023377109517e-06
1949,0.0004913677403237671,0.8423711657524109,0.05915176682174206,1.3939139916284315e-06
1950,0.00043114782602060586,0.8405988812446594,0.059062594547867775,1.3786275398713183e-06
1951,0.00047810385876800865,0.8412767648696899,0.059101151302456856,1.3636430290048138e-06
1952,0.0004860594296284641,0.8402660489082336,0.05910027585923672,1.348960504674315e-06
1953,0.00044394141392937553,0.8417860567569733,0.059163233265280724,1.3345800116053587e-06
1954,0.00046596360819724697,0.8390563726425171,0.0589970164000988,1.3205015936034104e-06
1955,0.00045617362775374204,0.841876208782196,0.05907112546265125,1.3067252935537676e-06
1956,0.0004946705303154886,0.8421612977981567,0.059112563729286194,1.2932511534214354e-06
1957,0.0004448570349874596,0.8403209149837494,0.05903136543929577,1.2800792142509848e-06
1958,0.0004519144616400202,0.8412664234638214,0.05908249691128731,1.2672095161664194e-06
1959,0.00048815903331463534,0.8417694568634033,0.05909731425344944,1.254642098371076e-06
1960,0.0004516093710359807,0.8416103720664978,0.0591204259544611,1.2423769991474924e-06
1961,0.0005295642331475392,0.8390219509601593,0.059023384004831314,1.2304142558572738e-06
1962,0.0005084428654906029,0.8411238789558411,0.05904071405529976,1.2187539049410286e-06
1963,0.0005155446997378021,0.8405486941337585,0.05903162248432636,1.2073959819181888e-06
1964,0.0005288593044194082,0.8391370177268982,0.05904178507626057,1.19634052138698e-06
1965,0.0004418885995013018,0.8408140242099762,0.059110140427947044,1.1855875570242414e-06
1966,0.0004632498263769473,0.8408692479133606,0.05910149775445461,1.1751371215853515e-06
1967,0.0004228112957207486,0.8424758911132812,0.059147683903574944,1.164989246904182e-06
1968,0.0004664999820912878,0.842808336019516,0.059156594797968864,1.1551439638928882e-06
1969,0.0004261182378589486,0.8423241972923279,0.059136658906936646,1.1456013025419318e-06
1970,0.0005113011623810356,0.8391445577144623,0.05899922177195549,1.1363612919199035e-06
1971,0.0004224777512717992,0.8392859995365143,0.058981601148843765,1.127423960173479e-06
1972,0.000515398191055283,0.841526448726654,0.05908012017607689,1.1187893345273193e-06
1973,0.00044170890275078517,0.8416744470596313,0.05909157730638981,1.1104574412839946e-06
1974,0.00046380773225488764,0.8424927890300751,0.05912408418953419,1.1024283058238938e-06
1975,0.0004419986459348972,0.8392842411994934,0.059080274775624275,1.094701952605149e-06
1976,0.0005042791065837567,0.841666579246521,0.05917535163462162,1.087278405163591e-06
1977,0.00039518726407550275,0.841522753238678,0.059092216193675995,1.0801576861126265e-06
1978,0.0004656628637652223,0.8413004279136658,0.059095147997140884,1.0733398171431957e-06
1979,0.0004107525310246274,0.8417548537254333,0.05917523615062237,1.0668248190237049e-06
1980,0.0004115738847758621,0.8417617678642273,0.05912437662482262,1.0606127115999715e-06
1981,0.0004717256282068168,0.8415198624134064,0.059073152020573616,1.0547035137951693e-06
1982,0.0005226630213049551,0.8414894640445709,0.05905541405081749,1.0490972436097059e-06
1983,0.00047432152011121315,0.8413878679275513,0.059074899181723595,1.0437939181212894e-06
1984,0.0004320428367160882,0.8424071073532104,0.05913941375911236,1.0387935534847418e-06
1985,0.0004803128297983979,0.8400988578796387,0.05909688584506512,1.0340961649320526e-06
1986,0.00045356518724778044,0.8399723172187805,0.05904412269592285,1.0297017667722799e-06
1987,0.000450359788374044,0.8422254323959351,0.059134114533662796,1.0256103723915174e-06
1988,0.0005301992593255515,0.8416749238967896,0.05904656462371349,1.0218219942528729e-06
1989,0.000425298271390299,0.8409911394119263,0.059008194133639336,1.0183366438964002e-06
1990,0.0005064828340740254,0.8436495363712311,0.05913793295621872,1.0151543319390687e-06
1991,0.0005093825651177516,0.842153400182724,0.05911044776439667,1.0122750680747714e-06
1992,0.00046105156555616605,0.8443287909030914,0.059154242277145386,1.0096988610742283e-06
1993,0.00040342633534843725,0.8443332016468048,0.059100113809108734,1.007425718785028e-06
1994,0.00046048637401933473,0.844984769821167,0.05915336683392525,1.0054556481315417e-06
1995,0.00043781423786034185,0.842124342918396,0.05907818302512169,1.0037886551149547e-06
1996,0.0004985797713743523,0.8440193831920624,0.05917631648480892,1.0024247448132227e-06
1997,0.0004916904387452329,0.8434869647026062,0.05908729135990143,1.0013639213810388e-06
1998,0.00042192408970246714,0.8407227694988251,0.05904053710401058,1.000606188049856e-06
1999,0.00043249068160851795,0.8419857025146484,0.05913356877863407,1.0001515471278745e-06
2000,0.00046248747094068676,0.8439436852931976,0.05915587395429611,1e-06
